,classname,numberOfBugsFoundUntil,numberOfNonTrivialBugsFoundUntil,numberOfMajorBugsFoundUntil,numberOfCriticalBugsFoundUntil,numberOfHighPriorityBugsFoundUntil,bugs,nonTrivialBugs,majorBugs,criticalBugs,highPriorityBugs,
0,org::apache::lucene::search::spans::SpanOrQuery , 3 , 3 , 0 , 0 , 0 , 1 , 0 , 0 , 0 , 0 , 
1,org::apache::lucene::index::DocumentsWriter , 42 , 42 , 0 , 0 , 0 , 2 , 0 , 0 , 0 , 0 , 
2,org::apache::lucene::document::Document , 9 , 9 , 0 , 0 , 0 , 0 , 0 , 0 , 0 , 0 , 
3,org::apache::lucene::search::highlight::SimpleSpanFragmenter , 2 , 2 , 0 , 0 , 0 , 0 , 0 , 0 , 0 , 0 , 
4,org::apache::lucene::ant::FileExtensionDocumentHandler , 0 , 0 , 0 , 0 , 0 , 0 , 0 , 0 , 0 , 0 , 
5,org::apache::lucene::analysis::Token , 13 , 13 , 0 , 0 , 0 , 0 , 0 , 0 , 0 , 0 , 
6,org::apache::lucene::search::FieldDoc , 1 , 1 , 0 , 0 , 0 , 0 , 0 , 0 , 0 , 0 , 
7,org::tartarus::snowball::ext::DanishStemmer , 1 , 1 , 0 , 0 , 0 , 0 , 0 , 0 , 0 , 0 , 
8,org::apache::lucene::search::SortField , 4 , 4 , 0 , 0 , 0 , 1 , 0 , 0 , 0 , 0 , 
9,org::apache::lucene::document::AbstractField , 4 , 4 , 0 , 0 , 0 , 0 , 0 , 0 , 0 , 0 , 
10,org::apache::lucene::benchmark::byTask::utils::Config , 6 , 6 , 0 , 0 , 0 , 0 , 0 , 0 , 0 , 0 , 
11,org::apache::lucene::benchmark::quality::utils::DocNameExtractor , 1 , 1 , 0 , 0 , 0 , 0 , 0 , 0 , 0 , 0 , 
12,org::apache::lucene::analysis::cjk::CJKAnalyzer , 0 , 0 , 0 , 0 , 0 , 0 , 0 , 0 , 0 , 0 , 
13,org::apache::lucene::search::HitIterator , 2 , 2 , 0 , 0 , 0 , 0 , 0 , 0 , 0 , 0 , 
14,org::apache::lucene::misc::HighFreqTerms , 0 , 0 , 0 , 0 , 0 , 0 , 0 , 0 , 0 , 0 , 
15,org::apache::lucene::index::FormatPostingsDocsConsumer , 0 , 0 , 0 , 0 , 0 , 0 , 0 , 0 , 0 , 0 , 
16,org::apache::lucene::search::IndexSearcher , 5 , 5 , 0 , 0 , 0 , 0 , 0 , 0 , 0 , 0 , 
17,org::apache::lucene::store::db::DbIndexOutput , 0 , 0 , 0 , 0 , 0 , 0 , 0 , 0 , 0 , 0 , 
18,org::apache::lucene::search::highlight::TokenGroup , 0 , 0 , 0 , 0 , 0 , 0 , 0 , 0 , 0 , 0 , 
19,org::apache::lucene::index::MergeDocIDRemapper , 1 , 1 , 0 , 0 , 0 , 1 , 0 , 0 , 0 , 0 , 
20,org::apache::lucene::benchmark::byTask::tasks::RepSelectByPrefTask , 1 , 1 , 0 , 0 , 0 , 0 , 0 , 0 , 0 , 0 , 
21,org::apache::lucene::analysis::PorterStemFilter , 2 , 2 , 0 , 0 , 0 , 0 , 0 , 0 , 0 , 0 , 
22,org::apache::lucene::search::PhraseScorer , 2 , 2 , 0 , 0 , 0 , 0 , 0 , 0 , 0 , 0 , 
23,org::apache::lucene::analysis::WordlistLoader , 1 , 1 , 0 , 0 , 0 , 0 , 0 , 0 , 0 , 0 , 
24,org::apache::lucene::analysis::CharTokenizer , 3 , 3 , 0 , 0 , 0 , 1 , 0 , 0 , 0 , 0 , 
25,org::apache::lucene::benchmark::byTask::tasks::ResetSystemEraseTask , 2 , 2 , 0 , 0 , 0 , 0 , 0 , 0 , 0 , 0 , 
26,org::apache::lucene::queryParser::surround::query::ComposedQuery , 1 , 1 , 0 , 0 , 0 , 0 , 0 , 0 , 0 , 0 , 
27,org::apache::lucene::xmlparser::builders::SpanBuilderBase , 0 , 0 , 0 , 0 , 0 , 0 , 0 , 0 , 0 , 0 , 
28,org::apache::lucene::store::Directory , 11 , 11 , 0 , 0 , 0 , 1 , 0 , 0 , 0 , 0 , 
29,org::apache::lucene::xmlparser::builders::DuplicateFilterBuilder , 1 , 1 , 0 , 0 , 0 , 0 , 0 , 0 , 0 , 0 , 
30,org::apache::lucene::xmlparser::builders::BooleanQueryBuilder , 1 , 1 , 0 , 0 , 0 , 0 , 0 , 0 , 0 , 0 , 
31,org::apache::lucene::index::DocInverterPerField , 2 , 2 , 0 , 0 , 0 , 3 , 0 , 0 , 0 , 0 , 
32,org::apache::lucene::analysis::el::GreekLowerCaseFilter , 2 , 2 , 0 , 0 , 0 , 0 , 0 , 0 , 0 , 0 , 
33,org::apache::lucene::index::ReadOnlySegmentReader , 1 , 1 , 0 , 0 , 0 , 0 , 0 , 0 , 0 , 0 , 
34,org::apache::lucene::search::spans::SpanNotQuery , 4 , 4 , 0 , 0 , 0 , 0 , 0 , 0 , 0 , 0 , 
35,org::apache::lucene::benchmark::byTask::tasks::RepSumByNameTask , 1 , 1 , 0 , 0 , 0 , 0 , 0 , 0 , 0 , 0 , 
36,org::apache::lucene::index::InvertedDocEndConsumer , 1 , 1 , 0 , 0 , 0 , 0 , 0 , 0 , 0 , 0 , 
37,org::apache::lucene::search::highlight::SpanGradientFormatter , 1 , 1 , 0 , 0 , 0 , 0 , 0 , 0 , 0 , 0 , 
38,org::apache::lucene::xmlparser::CoreParser , 1 , 1 , 0 , 0 , 0 , 0 , 0 , 0 , 0 , 0 , 
39,org::apache::lucene::analysis::compound::hyphenation::HyphenationException , 1 , 1 , 0 , 0 , 0 , 0 , 0 , 0 , 0 , 0 , 
40,org::apache::lucene::xmlparser::builders::FilteredQueryBuilder , 1 , 1 , 0 , 0 , 0 , 0 , 0 , 0 , 0 , 0 , 
41,org::apache::lucene::benchmark::stats::MemUsage , 1 , 1 , 0 , 0 , 0 , 0 , 0 , 0 , 0 , 0 , 
42,org::apache::lucene::index::ParallelReader , 15 , 15 , 0 , 0 , 0 , 0 , 0 , 0 , 0 , 0 , 
43,org::apache::lucene::store::ChecksumIndexInput , 1 , 1 , 0 , 0 , 0 , 0 , 0 , 0 , 0 , 0 , 
44,org::apache::lucene::analysis::compound::DictionaryCompoundWordTokenFilter , 1 , 1 , 0 , 0 , 0 , 0 , 0 , 0 , 0 , 0 , 
45,org::apache::lucene::store::SingleInstanceLockFactory , 3 , 3 , 0 , 0 , 0 , 0 , 0 , 0 , 0 , 0 , 
46,org::apache::lucene::analysis::ar::ArabicNormalizationFilter , 0 , 0 , 0 , 0 , 0 , 0 , 0 , 0 , 0 , 0 , 
47,org::apache::lucene::analysis::StopAnalyzer , 1 , 1 , 0 , 0 , 0 , 0 , 0 , 0 , 0 , 0 , 
48,org::apache::lucene::analysis::PerFieldAnalyzerWrapper , 2 , 2 , 0 , 0 , 0 , 0 , 0 , 0 , 0 , 0 , 
49,org::apache::lucene::index::IndexReader , 34 , 34 , 0 , 0 , 0 , 3 , 0 , 0 , 0 , 0 , 
50,org::apache::lucene::wordnet::SynLookup , 0 , 0 , 0 , 0 , 0 , 0 , 0 , 0 , 0 , 0 , 
51,org::apache::lucene::queryParser::surround::parser::QueryParserTokenManager , 0 , 0 , 0 , 0 , 0 , 0 , 0 , 0 , 0 , 0 , 
52,org::apache::lucene::analysis::ngram::EdgeNGramTokenFilter , 3 , 3 , 0 , 0 , 0 , 1 , 0 , 0 , 0 , 0 , 
53,org::apache::lucene::search::ExtendedFieldCacheImpl , 3 , 3 , 0 , 0 , 0 , 0 , 0 , 0 , 0 , 0 , 
54,org::apache::lucene::benchmark::byTask::tasks::NewRoundTask , 1 , 1 , 0 , 0 , 0 , 0 , 0 , 0 , 0 , 0 , 
55,org::apache::lucene::benchmark::byTask::stats::Points , 1 , 1 , 0 , 0 , 0 , 0 , 0 , 0 , 0 , 0 , 
56,org::apache::lucene::analysis::miscellaneous::PrefixAwareTokenFilter , 2 , 2 , 0 , 0 , 0 , 0 , 0 , 0 , 0 , 0 , 
57,org::apache::lucene::queryParser::Token , 1 , 1 , 0 , 0 , 0 , 0 , 0 , 0 , 0 , 0 , 
58,org::apache::lucene::store::Lock , 5 , 5 , 0 , 0 , 0 , 1 , 0 , 0 , 0 , 0 , 
59,org::apache::lucene::index::FreqProxTermsWriter , 2 , 2 , 0 , 0 , 0 , 0 , 0 , 0 , 0 , 0 , 
60,org::apache::lucene::analysis::compound::hyphenation::Hyphen , 1 , 1 , 0 , 0 , 0 , 0 , 0 , 0 , 0 , 0 , 
61,org::apache::lucene::index::InvertedDocConsumerPerThread , 1 , 1 , 0 , 0 , 0 , 0 , 0 , 0 , 0 , 0 , 
62,org::apache::lucene::analysis::Analyzer , 2 , 2 , 0 , 0 , 0 , 1 , 0 , 0 , 0 , 0 , 
63,org::apache::lucene::xmlparser::builders::LikeThisQueryBuilder , 2 , 2 , 0 , 0 , 0 , 0 , 0 , 0 , 0 , 0 , 
64,org::apache::lucene::xmlparser::builders::RangeFilterBuilder , 1 , 1 , 0 , 0 , 0 , 0 , 0 , 0 , 0 , 0 , 
65,org::tartarus::snowball::ext::LovinsStemmer , 1 , 1 , 0 , 0 , 0 , 0 , 0 , 0 , 0 , 0 , 
66,org::apache::lucene::util::UnicodeUtil , 1 , 1 , 0 , 0 , 0 , 0 , 0 , 0 , 0 , 0 , 
67,org::apache::lucene::document::NumberTools , 1 , 1 , 0 , 0 , 0 , 0 , 0 , 0 , 0 , 0 , 
68,org::apache::lucene::search::ExactPhraseScorer , 2 , 2 , 0 , 0 , 0 , 0 , 0 , 0 , 0 , 0 , 
69,org::apache::lucene::store::FSDirectory , 30 , 30 , 0 , 0 , 0 , 5 , 0 , 0 , 0 , 0 , 
70,org::apache::lucene::ant::TextDocument , 0 , 0 , 0 , 0 , 0 , 0 , 0 , 0 , 0 , 0 , 
71,org::apache::lucene::xmlparser::builders::SpanNotBuilder , 0 , 0 , 0 , 0 , 0 , 0 , 0 , 0 , 0 , 0 , 
72,org::apache::lucene::store::instantiated::InstantiatedIndexReader , 3 , 3 , 0 , 0 , 0 , 1 , 0 , 0 , 0 , 0 , 
73,org::tartarus::snowball::ext::PortugueseStemmer , 1 , 1 , 0 , 0 , 0 , 0 , 0 , 0 , 0 , 0 , 
74,org::apache::lucene::util::CloseableThreadLocal , 2 , 2 , 0 , 0 , 0 , 0 , 0 , 0 , 0 , 0 , 
75,org::apache::lucene::index::FormatPostingsTermsWriter , 0 , 0 , 0 , 0 , 0 , 0 , 0 , 0 , 0 , 0 , 
76,org::apache::lucene::index::MergeScheduler , 6 , 6 , 0 , 0 , 0 , 0 , 0 , 0 , 0 , 0 , 
77,org::apache::lucene::index::TermInfo , 0 , 0 , 0 , 0 , 0 , 0 , 0 , 0 , 0 , 0 , 
78,org::apache::lucene::search::ComplexExplanation , 3 , 3 , 0 , 0 , 0 , 0 , 0 , 0 , 0 , 0 , 
79,org::apache::lucene::search::DocIdSetIterator , 1 , 1 , 0 , 0 , 0 , 0 , 0 , 0 , 0 , 0 , 
80,org::apache::lucene::store::db::DbDirectory , 0 , 0 , 0 , 0 , 0 , 0 , 0 , 0 , 0 , 0 , 
81,org::apache::lucene::search::CheckHits , 0 , 0 , 0 , 0 , 0 , 0 , 0 , 0 , 0 , 0 , 
82,org::apache::lucene::index::Term , 2 , 2 , 0 , 0 , 0 , 0 , 0 , 0 , 0 , 0 , 
83,org::apache::lucene::demo::SearchFiles , 2 , 2 , 0 , 0 , 0 , 0 , 0 , 0 , 0 , 0 , 
84,org::apache::lucene::demo::html::ParseException , 2 , 2 , 0 , 0 , 0 , 0 , 0 , 0 , 0 , 0 , 
85,org::apache::lucene::queryParser::surround::query::NotQuery , 0 , 0 , 0 , 0 , 0 , 0 , 0 , 0 , 0 , 0 , 
86,org::tartarus::snowball::Among , 1 , 1 , 0 , 0 , 0 , 0 , 0 , 0 , 0 , 0 , 
87,org::apache::lucene::search::NonMatchingScorer , 0 , 0 , 0 , 0 , 0 , 0 , 0 , 0 , 0 , 0 , 
88,org::apache::lucene::index::TermVectorsTermsWriterPerThread , 1 , 1 , 0 , 0 , 0 , 0 , 0 , 0 , 0 , 0 , 
89,org::apache::lucene::search::Explanation , 3 , 3 , 0 , 0 , 0 , 0 , 0 , 0 , 0 , 0 , 
90,org::apache::lucene::index::TermVectorsWriter , 6 , 6 , 0 , 0 , 0 , 0 , 0 , 0 , 0 , 0 , 
91,org::apache::lucene::search::spans::NearSpansOrdered , 2 , 2 , 0 , 0 , 0 , 1 , 0 , 0 , 0 , 0 , 
92,org::apache::lucene::util::BitVector , 4 , 4 , 0 , 0 , 0 , 0 , 0 , 0 , 0 , 0 , 
93,org::apache::lucene::search::regex::RegexTermEnum , 0 , 0 , 0 , 0 , 0 , 0 , 0 , 0 , 0 , 0 , 
94,org::apache::lucene::search::BoostingQuery , 2 , 2 , 0 , 0 , 0 , 0 , 0 , 0 , 0 , 0 , 
95,org::apache::lucene::analysis::ngram::NGramTokenizer , 3 , 3 , 0 , 0 , 0 , 0 , 0 , 0 , 0 , 0 , 
96,org::apache::lucene::queryParser::ParseException , 3 , 3 , 0 , 0 , 0 , 0 , 0 , 0 , 0 , 0 , 
97,org::apache::lucene::benchmark::byTask::feeds::NoMoreDataException , 1 , 1 , 0 , 0 , 0 , 0 , 0 , 0 , 0 , 0 , 
98,org::apache::lucene::demo::html::HTMLParser , 3 , 3 , 0 , 0 , 0 , 0 , 0 , 0 , 0 , 0 , 
99,org::apache::lucene::queryParser::surround::query::BasicQueryFactory , 0 , 0 , 0 , 0 , 0 , 0 , 0 , 0 , 0 , 0 , 
100,org::apache::lucene::analysis::br::BrazilianAnalyzer , 0 , 0 , 0 , 0 , 0 , 0 , 0 , 0 , 0 , 0 , 
101,org::apache::lucene::search::Similarity , 4 , 4 , 0 , 0 , 0 , 1 , 0 , 0 , 0 , 0 , 
102,org::apache::lucene::search::highlight::SimpleFragmenter , 0 , 0 , 0 , 0 , 0 , 0 , 0 , 0 , 0 , 0 , 
103,org::apache::lucene::index::SegmentTermVector , 1 , 1 , 0 , 0 , 0 , 0 , 0 , 0 , 0 , 0 , 
104,org::apache::lucene::benchmark::Constants , 0 , 0 , 0 , 0 , 0 , 0 , 0 , 0 , 0 , 0 , 
105,org::apache::lucene::benchmark::byTask::tasks::WarmTask , 1 , 1 , 0 , 0 , 0 , 0 , 0 , 0 , 0 , 0 , 
106,org::apache::lucene::index::DefaultSkipListReader , 2 , 2 , 0 , 0 , 0 , 0 , 0 , 0 , 0 , 0 , 
107,org::apache::lucene::analysis::el::GreekAnalyzer , 2 , 2 , 0 , 0 , 0 , 0 , 0 , 0 , 0 , 0 , 
108,org::apache::lucene::xmlparser::builders::SpanOrBuilder , 0 , 0 , 0 , 0 , 0 , 0 , 0 , 0 , 0 , 0 , 
109,org::apache::lucene::search::function::CustomScoreQuery , 3 , 3 , 0 , 0 , 0 , 0 , 0 , 0 , 0 , 0 , 
110,org::apache::lucene::index::SortedTermVectorMapper , 1 , 1 , 0 , 0 , 0 , 0 , 0 , 0 , 0 , 0 , 
111,org::apache::lucene::analysis::sinks::TokenTypeSinkTokenizer , 2 , 2 , 0 , 0 , 0 , 0 , 0 , 0 , 0 , 0 , 
112,org::apache::lucene::search::spans::SpanWeight , 3 , 3 , 0 , 0 , 0 , 0 , 0 , 0 , 0 , 0 , 
113,org::apache::lucene::search::FuzzyTermEnum , 0 , 0 , 0 , 0 , 0 , 0 , 0 , 0 , 0 , 0 , 
114,org::apache::lucene::search::function::ShortFieldSource , 2 , 2 , 0 , 0 , 0 , 0 , 0 , 0 , 0 , 0 , 
115,org::apache::lucene::search::payloads::BoostingTermQuery , 7 , 7 , 0 , 0 , 0 , 0 , 0 , 0 , 0 , 0 , 
116,org::apache::lucene::search::highlight::TokenSources , 4 , 4 , 0 , 0 , 0 , 0 , 0 , 0 , 0 , 0 , 
117,org::apache::lucene::demo::html::ParserThread , 0 , 0 , 0 , 0 , 0 , 0 , 0 , 0 , 0 , 0 , 
118,org::tartarus::snowball::ext::EnglishStemmer , 1 , 1 , 0 , 0 , 0 , 0 , 0 , 0 , 0 , 0 , 
119,org::apache::lucene::index::TermVectorEntry , 1 , 1 , 0 , 0 , 0 , 0 , 0 , 0 , 0 , 0 , 
120,org::apache::lucene::LucenePackage , 0 , 0 , 0 , 0 , 0 , 0 , 0 , 0 , 0 , 0 , 
121,org::apache::lucene::index::FieldSortedTermVectorMapper , 1 , 1 , 0 , 0 , 0 , 0 , 0 , 0 , 0 , 0 , 
122,org::apache::lucene::store::BufferedIndexInput , 6 , 6 , 0 , 0 , 0 , 0 , 0 , 0 , 0 , 0 , 
123,org::apache::lucene::index::FieldInfos , 6 , 6 , 0 , 0 , 0 , 1 , 0 , 0 , 0 , 0 , 
124,org::apache::lucene::index::TermInfosReader , 14 , 14 , 0 , 0 , 0 , 1 , 0 , 0 , 0 , 0 , 
125,org::apache::lucene::swing::models::RestaurantInfo , 1 , 1 , 0 , 0 , 0 , 0 , 0 , 0 , 0 , 0 , 
126,org::apache::lucene::benchmark::byTask::tasks::TaskSequence , 6 , 6 , 0 , 0 , 0 , 0 , 0 , 0 , 0 , 0 , 
127,org::apache::lucene::index::FreqProxTermsWriterPerThread , 1 , 1 , 0 , 0 , 0 , 0 , 0 , 0 , 0 , 0 , 
128,org::apache::lucene::index::DocInverter , 1 , 1 , 0 , 0 , 0 , 0 , 0 , 0 , 0 , 0 , 
129,org::apache::lucene::util::SortedVIntList , 1 , 1 , 0 , 0 , 0 , 0 , 0 , 0 , 0 , 0 , 
130,org::apache::lucene::analysis::cn::ChineseAnalyzer , 0 , 0 , 0 , 0 , 0 , 0 , 0 , 0 , 0 , 0 , 
131,org::apache::lucene::store::je::JEDirectory , 2 , 2 , 0 , 0 , 0 , 0 , 0 , 0 , 0 , 0 , 
132,org::apache::lucene::search::highlight::GradientFormatter , 0 , 0 , 0 , 0 , 0 , 0 , 0 , 0 , 0 , 0 , 
133,org::apache::lucene::wordnet::Syns2Index , 0 , 0 , 0 , 0 , 0 , 0 , 0 , 0 , 0 , 0 , 
134,org::apache::lucene::index::MergePolicy , 9 , 9 , 0 , 0 , 0 , 0 , 0 , 0 , 0 , 0 , 
135,org::apache::lucene::search::QueryUtils , 9 , 9 , 0 , 0 , 0 , 0 , 0 , 0 , 0 , 0 , 
136,org::apache::lucene::index::memory::SynonymTokenFilter , 2 , 2 , 0 , 0 , 0 , 0 , 0 , 0 , 0 , 0 , 
137,org::apache::lucene::search::DisjunctionSumScorer , 3 , 3 , 0 , 0 , 0 , 0 , 0 , 0 , 0 , 0 , 
138,org::apache::lucene::store::NativeFSLockFactory , 10 , 10 , 0 , 0 , 0 , 0 , 0 , 0 , 0 , 0 , 
139,org::apache::lucene::queryParser::surround::query::SpanNearClauseFactory , 0 , 0 , 0 , 0 , 0 , 0 , 0 , 0 , 0 , 0 , 
140,org::apache::lucene::search::spell::PlainTextDictionary , 0 , 0 , 0 , 0 , 0 , 0 , 0 , 0 , 0 , 0 , 
141,org::apache::lucene::store::BufferedIndexOutput , 3 , 3 , 0 , 0 , 0 , 0 , 0 , 0 , 0 , 0 , 
142,org::apache::lucene::document::MapFieldSelector , 3 , 3 , 0 , 0 , 0 , 0 , 0 , 0 , 0 , 0 , 
143,org::apache::lucene::search::MockFilter , 0 , 0 , 0 , 0 , 0 , 0 , 0 , 0 , 0 , 0 , 
144,org::apache::lucene::store::instantiated::InstantiatedIndex , 2 , 2 , 0 , 0 , 0 , 0 , 0 , 0 , 0 , 0 , 
145,org::apache::lucene::index::FieldReaderException , 0 , 0 , 0 , 0 , 0 , 0 , 0 , 0 , 0 , 0 , 
146,org::apache::lucene::store::LockFactory , 4 , 4 , 0 , 0 , 0 , 0 , 0 , 0 , 0 , 0 , 
147,org::apache::lucene::benchmark::quality::trec::QueryDriver , 1 , 1 , 0 , 0 , 0 , 0 , 0 , 0 , 0 , 0 , 
148,org::apache::lucene::index::TermsHashConsumerPerField , 2 , 2 , 0 , 0 , 0 , 0 , 0 , 0 , 0 , 0 , 
149,org::apache::lucene::xmlparser::builders::TermsQueryBuilder , 2 , 2 , 0 , 0 , 0 , 0 , 0 , 0 , 0 , 0 , 
150,org::apache::lucene::search::spans::TermSpans , 2 , 2 , 0 , 0 , 0 , 0 , 0 , 0 , 0 , 0 , 
151,org::apache::lucene::demo::html::TokenMgrError , 2 , 2 , 0 , 0 , 0 , 0 , 0 , 0 , 0 , 0 , 
152,org::apache::lucene::search::TopDocs , 2 , 2 , 0 , 0 , 0 , 0 , 0 , 0 , 0 , 0 , 
153,org::apache::lucene::benchmark::quality::trec::TrecJudge , 1 , 1 , 0 , 0 , 0 , 0 , 0 , 0 , 0 , 0 , 
154,org::apache::lucene::demo::html::SimpleCharStream , 2 , 2 , 0 , 0 , 0 , 0 , 0 , 0 , 0 , 0 , 
155,org::apache::lucene::index::TermsHashConsumerPerThread , 1 , 1 , 0 , 0 , 0 , 0 , 0 , 0 , 0 , 0 , 
156,org::apache::lucene::index::FormatPostingsPositionsConsumer , 0 , 0 , 0 , 0 , 0 , 0 , 0 , 0 , 0 , 0 , 
157,org::apache::lucene::queryParser::surround::parser::QueryParser , 0 , 0 , 0 , 0 , 0 , 0 , 0 , 0 , 0 , 0 , 
158,org::apache::lucene::store::instantiated::InstantiatedTermPositions , 1 , 1 , 0 , 0 , 0 , 0 , 0 , 0 , 0 , 0 , 
159,org::apache::lucene::analysis::el::GreekCharsets , 1 , 1 , 0 , 0 , 0 , 0 , 0 , 0 , 0 , 0 , 
160,org::apache::lucene::benchmark::stats::QueryData , 1 , 1 , 0 , 0 , 0 , 0 , 0 , 0 , 0 , 0 , 
161,org::apache::lucene::benchmark::byTask::feeds::FileBasedQueryMaker , 2 , 2 , 0 , 0 , 0 , 0 , 0 , 0 , 0 , 0 , 
162,org::tartarus::snowball::ext::FinnishStemmer , 1 , 1 , 0 , 0 , 0 , 0 , 0 , 0 , 0 , 0 , 
163,org::apache::lucene::search::highlight::SpanScorer , 3 , 3 , 0 , 0 , 0 , 0 , 0 , 0 , 0 , 0 , 
164,org::apache::lucene::search::regex::RegexQuery , 0 , 0 , 0 , 0 , 0 , 0 , 0 , 0 , 0 , 0 , 
165,org::apache::lucene::document::Field , 7 , 7 , 0 , 0 , 0 , 1 , 0 , 0 , 0 , 0 , 
166,org::tartarus::snowball::ext::TurkishStemmer , 1 , 1 , 0 , 0 , 0 , 0 , 0 , 0 , 0 , 0 , 
167,org::apache::lucene::analysis::WhitespaceTokenizer , 0 , 0 , 0 , 0 , 0 , 0 , 0 , 0 , 0 , 0 , 
168,org::apache::lucene::demo::DeleteFiles , 1 , 1 , 0 , 0 , 0 , 0 , 0 , 0 , 0 , 0 , 
169,org::apache::lucene::xmlparser::builders::FuzzyLikeThisQueryBuilder , 0 , 0 , 0 , 0 , 0 , 0 , 0 , 0 , 0 , 0 , 
170,org::apache::lucene::index::InvertedDocConsumerPerField , 1 , 1 , 0 , 0 , 0 , 0 , 0 , 0 , 0 , 0 , 
171,org::apache::lucene::index::SegmentMergeInfo , 1 , 1 , 0 , 0 , 0 , 0 , 0 , 0 , 0 , 0 , 
172,org::apache::lucene::search::FuzzyLikeThisQuery , 4 , 4 , 0 , 0 , 0 , 0 , 0 , 0 , 0 , 0 , 
173,org::apache::lucene::index::FieldInvertState , 0 , 0 , 0 , 0 , 0 , 0 , 0 , 0 , 0 , 0 , 
174,org::apache::lucene::index::DocFieldConsumersPerThread , 1 , 1 , 0 , 0 , 0 , 0 , 0 , 0 , 0 , 0 , 
175,org::apache::lucene::store::GCJIndexInput , 1 , 1 , 0 , 0 , 0 , 0 , 0 , 0 , 0 , 0 , 
176,org::apache::lucene::store::MMapDirectory , 2 , 2 , 0 , 0 , 0 , 1 , 0 , 0 , 0 , 0 , 
177,org::apache::lucene::store::instantiated::InstantiatedTermEnum , 2 , 2 , 0 , 0 , 0 , 1 , 0 , 0 , 0 , 0 , 
178,org::apache::lucene::wordnet::SynExpand , 0 , 0 , 0 , 0 , 0 , 0 , 0 , 0 , 0 , 0 , 
179,org::apache::lucene::xmlparser::builders::MatchAllDocsQueryBuilder , 0 , 0 , 0 , 0 , 0 , 0 , 0 , 0 , 0 , 0 , 
180,org::apache::lucene::benchmark::quality::utils::QualityQueriesFinder , 1 , 1 , 0 , 0 , 0 , 0 , 0 , 0 , 0 , 0 , 
181,org::apache::lucene::benchmark::byTask::tasks::WriteLineDocTask , 2 , 2 , 0 , 0 , 0 , 0 , 0 , 0 , 0 , 0 , 
182,org::apache::lucene::store::LockObtainFailedException , 1 , 1 , 0 , 0 , 0 , 0 , 0 , 0 , 0 , 0 , 
183,org::apache::lucene::search::WildcardQuery , 1 , 1 , 0 , 0 , 0 , 0 , 0 , 0 , 0 , 0 , 
184,org::apache::lucene::search::TimeLimitedCollector , 2 , 2 , 0 , 0 , 0 , 1 , 0 , 0 , 0 , 0 , 
185,org::apache::lucene::benchmark::byTask::feeds::ReutersQueryMaker , 2 , 2 , 0 , 0 , 0 , 0 , 0 , 0 , 0 , 0 , 
186,org::apache::lucene::xmlparser::builders::TermsFilterBuilder , 3 , 3 , 0 , 0 , 0 , 0 , 0 , 0 , 0 , 0 , 
187,org::apache::lucene::analysis::ar::ArabicNormalizer , 0 , 0 , 0 , 0 , 0 , 0 , 0 , 0 , 0 , 0 , 
188,org::apache::lucene::swing::models::TableSearcher , 2 , 2 , 0 , 0 , 0 , 0 , 0 , 0 , 0 , 0 , 
189,org::apache::lucene::ant::HtmlDocument , 0 , 0 , 0 , 0 , 0 , 0 , 0 , 0 , 0 , 0 , 
190,org::apache::lucene::search::WildcardTermEnum , 1 , 1 , 0 , 0 , 0 , 0 , 0 , 0 , 0 , 0 , 
191,org::apache::lucene::queryParser::surround::parser::FastCharStream , 0 , 0 , 0 , 0 , 0 , 0 , 0 , 0 , 0 , 0 , 
192,org::apache::lucene::search::similar::MoreLikeThis , 0 , 0 , 0 , 0 , 0 , 0 , 0 , 0 , 0 , 0 , 
193,org::apache::lucene::index::StoredFieldsWriterPerField , 1 , 1 , 0 , 0 , 0 , 0 , 0 , 0 , 0 , 0 , 
194,org::apache::lucene::analysis::ru::RussianLowerCaseFilter , 0 , 0 , 0 , 0 , 0 , 0 , 0 , 0 , 0 , 0 , 
195,org::apache::lucene::benchmark::byTask::feeds::SimpleSloppyPhraseQueryMaker , 2 , 2 , 0 , 0 , 0 , 0 , 0 , 0 , 0 , 0 , 
196,org::apache::lucene::index::IndexFileNameFilter , 2 , 2 , 0 , 0 , 0 , 0 , 0 , 0 , 0 , 0 , 
197,org::apache::lucene::analysis::payloads::TypeAsPayloadTokenFilter , 2 , 2 , 0 , 0 , 0 , 0 , 0 , 0 , 0 , 0 , 
198,org::apache::lucene::search::DocIdSet , 1 , 1 , 0 , 0 , 0 , 0 , 0 , 0 , 0 , 0 , 
199,org::apache::lucene::index::CharBlockPool , 2 , 2 , 0 , 0 , 0 , 0 , 0 , 0 , 0 , 0 , 
200,org::apache::lucene::index::IndexModifier , 13 , 13 , 0 , 0 , 0 , 0 , 0 , 0 , 0 , 0 , 
201,org::tartarus::snowball::ext::SpanishStemmer , 1 , 1 , 0 , 0 , 0 , 0 , 0 , 0 , 0 , 0 , 
202,org::apache::lucene::analysis::snowball::SnowballAnalyzer , 0 , 0 , 0 , 0 , 0 , 0 , 0 , 0 , 0 , 0 , 
203,org::apache::lucene::index::IndexFileNames , 6 , 6 , 0 , 0 , 0 , 0 , 0 , 0 , 0 , 0 , 
204,org::apache::lucene::misc::SweetSpotSimilarity , 1 , 1 , 0 , 0 , 0 , 0 , 0 , 0 , 0 , 0 , 
205,org::apache::lucene::store::db::DbLock , 0 , 0 , 0 , 0 , 0 , 0 , 0 , 0 , 0 , 0 , 
206,org::tartarus::snowball::ext::FrenchStemmer , 1 , 1 , 0 , 0 , 0 , 0 , 0 , 0 , 0 , 0 , 
207,org::apache::lucene::search::ConstantScoreQuery , 8 , 8 , 0 , 0 , 0 , 0 , 0 , 0 , 0 , 0 , 
208,org::apache::lucene::store::LockReleaseFailedException , 1 , 1 , 0 , 0 , 0 , 0 , 0 , 0 , 0 , 0 , 
209,org::apache::lucene::analysis::de::GermanStemmer , 0 , 0 , 0 , 0 , 0 , 0 , 0 , 0 , 0 , 0 , 
210,org::apache::lucene::index::MultiReader , 16 , 16 , 0 , 0 , 0 , 1 , 0 , 0 , 0 , 0 , 
211,org::apache::lucene::queryParser::surround::query::DistanceQuery , 0 , 0 , 0 , 0 , 0 , 0 , 0 , 0 , 0 , 0 , 
212,org::apache::lucene::search::ConstantScoreRangeQuery , 4 , 4 , 0 , 0 , 0 , 0 , 0 , 0 , 0 , 0 , 
213,org::apache::lucene::analysis::TeeTokenFilter , 2 , 2 , 0 , 0 , 0 , 0 , 0 , 0 , 0 , 0 , 
214,org::apache::lucene::util::cache::Cache , 1 , 1 , 0 , 0 , 0 , 0 , 0 , 0 , 0 , 0 , 
215,org::apache::lucene::search::TermsFilter , 4 , 4 , 0 , 0 , 0 , 0 , 0 , 0 , 0 , 0 , 
216,org::apache::lucene::store::IndexInput , 2 , 2 , 0 , 0 , 0 , 0 , 0 , 0 , 0 , 0 , 
217,org::apache::lucene::index::MockIndexInput , 0 , 0 , 0 , 0 , 0 , 0 , 0 , 0 , 0 , 0 , 
218,org::apache::lucene::search::Collector , 0 , 0 , 0 , 0 , 0 , 0 , 0 , 0 , 0 , 0 , 
219,org::apache::lucene::queryParser::precedence::PrecedenceQueryParser , 0 , 0 , 0 , 0 , 0 , 0 , 0 , 0 , 0 , 0 , 
220,org::apache::lucene::index::TermEnum , 0 , 0 , 0 , 0 , 0 , 0 , 0 , 0 , 0 , 0 , 
221,org::apache::lucene::store::MockRAMInputStream , 5 , 5 , 0 , 0 , 0 , 0 , 0 , 0 , 0 , 0 , 
222,org::apache::lucene::wikipedia::analysis::WikipediaTokenizerImpl , 4 , 4 , 0 , 0 , 0 , 0 , 0 , 0 , 0 , 0 , 
223,org::apache::lucene::util::OpenBitSetIterator , 1 , 1 , 0 , 0 , 0 , 0 , 0 , 0 , 0 , 0 , 
224,org::apache::lucene::search::DefaultSimilarity , 0 , 0 , 0 , 0 , 0 , 0 , 0 , 0 , 0 , 0 , 
225,org::apache::lucene::index::InvertedDocConsumer , 1 , 1 , 0 , 0 , 0 , 0 , 0 , 0 , 0 , 0 , 
226,org::apache::lucene::analysis::ngram::NGramTokenFilter , 3 , 3 , 0 , 0 , 0 , 1 , 0 , 0 , 0 , 0 , 
227,org::apache::lucene::search::MultiSearcher , 4 , 4 , 0 , 0 , 0 , 1 , 0 , 0 , 0 , 0 , 
228,org::apache::lucene::queryParser::surround::query::SrndQuery , 0 , 0 , 0 , 0 , 0 , 0 , 0 , 0 , 0 , 0 , 
229,org::apache::lucene::analysis::compound::hyphenation::HyphenationTree , 1 , 1 , 0 , 0 , 0 , 0 , 0 , 0 , 0 , 0 , 
230,org::apache::lucene::index::StoredFieldsWriterPerThread , 1 , 1 , 0 , 0 , 0 , 0 , 0 , 0 , 0 , 0 , 
231,org::apache::lucene::search::function::ByteFieldSource , 2 , 2 , 0 , 0 , 0 , 0 , 0 , 0 , 0 , 0 , 
232,org::apache::lucene::queryParser::surround::query::OrQuery , 0 , 0 , 0 , 0 , 0 , 0 , 0 , 0 , 0 , 0 , 
233,org::apache::lucene::search::SpanFilterResult , 2 , 2 , 0 , 0 , 0 , 0 , 0 , 0 , 0 , 0 , 
234,org::apache::lucene::analysis::ar::ArabicStemFilter , 0 , 0 , 0 , 0 , 0 , 0 , 0 , 0 , 0 , 0 , 
235,org::apache::lucene::index::LogByteSizeMergePolicy , 5 , 5 , 0 , 0 , 0 , 0 , 0 , 0 , 0 , 0 , 
236,org::apache::lucene::util::ArrayUtil , 2 , 2 , 0 , 0 , 0 , 0 , 0 , 0 , 0 , 0 , 
237,org::apache::lucene::queryParser::surround::query::SrndPrefixQuery , 0 , 0 , 0 , 0 , 0 , 0 , 0 , 0 , 0 , 0 , 
238,org::apache::lucene::index::LogMergePolicy , 11 , 11 , 0 , 0 , 0 , 0 , 0 , 0 , 0 , 0 , 
239,org::apache::lucene::queryParser::analyzing::AnalyzingQueryParser , 3 , 3 , 0 , 0 , 0 , 0 , 0 , 0 , 0 , 0 , 
240,org::apache::lucene::search::spans::SpanFirstQuery , 2 , 2 , 0 , 0 , 0 , 0 , 0 , 0 , 0 , 0 , 
241,org::apache::lucene::index::GCJSegmentReader , 0 , 0 , 0 , 0 , 0 , 0 , 0 , 0 , 0 , 0 , 
242,org::apache::lucene::benchmark::byTask::tasks::AddDocTask , 3 , 3 , 0 , 0 , 0 , 0 , 0 , 0 , 0 , 0 , 
243,org::apache::lucene::index::TermVectorsReader , 15 , 15 , 0 , 0 , 0 , 0 , 0 , 0 , 0 , 0 , 
244,org::apache::lucene::benchmark::byTask::tasks::ReportTask , 1 , 1 , 0 , 0 , 0 , 0 , 0 , 0 , 0 , 0 , 
245,org::apache::lucene::search::RemoteSearchable , 2 , 2 , 0 , 0 , 0 , 0 , 0 , 0 , 0 , 0 , 
246,org::apache::lucene::swing::models::BaseListModel , 2 , 2 , 0 , 0 , 0 , 0 , 0 , 0 , 0 , 0 , 
247,org::apache::lucene::index::ConcurrentMergeScheduler , 18 , 18 , 0 , 0 , 0 , 2 , 0 , 0 , 0 , 0 , 
248,org::apache::lucene::document::SetBasedFieldSelector , 0 , 0 , 0 , 0 , 0 , 0 , 0 , 0 , 0 , 0 , 
249,org::apache::lucene::analysis::de::GermanStemFilter , 0 , 0 , 0 , 0 , 0 , 0 , 0 , 0 , 0 , 0 , 
250,org::apache::lucene::xmlparser::builders::ConstantScoreQueryBuilder , 0 , 0 , 0 , 0 , 0 , 0 , 0 , 0 , 0 , 0 , 
251,org::apache::lucene::index::SegmentMerger , 22 , 22 , 0 , 0 , 0 , 1 , 0 , 0 , 0 , 0 , 
252,org::apache::lucene::benchmark::utils::ExtractReuters , 1 , 1 , 0 , 0 , 0 , 0 , 0 , 0 , 0 , 0 , 
253,org::apache::lucene::util::PriorityQueue , 1 , 1 , 0 , 0 , 0 , 0 , 0 , 0 , 0 , 0 , 
254,org::apache::lucene::benchmark::byTask::tasks::ResetInputsTask , 0 , 0 , 0 , 0 , 0 , 0 , 0 , 0 , 0 , 0 , 
255,org::apache::lucene::index::TermVectorEntryFreqSortedComparator , 1 , 1 , 0 , 0 , 0 , 0 , 0 , 0 , 0 , 0 , 
256,org::apache::lucene::index::LogDocMergePolicy , 4 , 4 , 0 , 0 , 0 , 0 , 0 , 0 , 0 , 0 , 
257,org::apache::lucene::benchmark::quality::QualityBenchmark , 2 , 2 , 0 , 0 , 0 , 0 , 0 , 0 , 0 , 0 , 
258,org::apache::lucene::search::function::ValueSource , 3 , 3 , 0 , 0 , 0 , 0 , 0 , 0 , 0 , 0 , 
259,org::apache::lucene::store::VerifyingLockFactory , 2 , 2 , 0 , 0 , 0 , 0 , 0 , 0 , 0 , 0 , 
260,org::apache::lucene::index::TermsHashPerThread , 1 , 1 , 0 , 0 , 0 , 0 , 0 , 0 , 0 , 0 , 
261,org::apache::lucene::index::ReusableStringReader , 1 , 1 , 0 , 0 , 0 , 0 , 0 , 0 , 0 , 0 , 
262,org::tartarus::snowball::ext::NorwegianStemmer , 1 , 1 , 0 , 0 , 0 , 0 , 0 , 0 , 0 , 0 , 
263,org::apache::lucene::search::TopFieldDocCollector , 2 , 2 , 0 , 0 , 0 , 0 , 0 , 0 , 0 , 0 , 
264,org::apache::lucene::analysis::sinks::DateRecognizerSinkTokenizer , 2 , 2 , 0 , 0 , 0 , 0 , 0 , 0 , 0 , 0 , 
265,org::apache::lucene::xmlparser::QueryBuilderFactory , 1 , 1 , 0 , 0 , 0 , 0 , 0 , 0 , 0 , 0 , 
266,org::apache::lucene::benchmark::byTask::feeds::EnwikiDocMaker , 4 , 4 , 0 , 0 , 0 , 0 , 0 , 0 , 0 , 0 , 
267,org::apache::lucene::search::DisjunctionMaxScorer , 4 , 4 , 0 , 0 , 0 , 0 , 0 , 0 , 0 , 0 , 
268,org::apache::lucene::search::BooleanQuery , 10 , 10 , 0 , 0 , 0 , 0 , 0 , 0 , 0 , 0 , 
269,org::apache::lucene::index::DocInverterPerThread , 1 , 1 , 0 , 0 , 0 , 0 , 0 , 0 , 0 , 0 , 
270,org::apache::lucene::index::TermBuffer , 1 , 1 , 0 , 0 , 0 , 0 , 0 , 0 , 0 , 0 , 
271,org::apache::lucene::util::DocIdBitSet , 1 , 1 , 0 , 0 , 0 , 0 , 0 , 0 , 0 , 0 , 
272,org::apache::lucene::analysis::TokenFilter , 3 , 3 , 0 , 0 , 0 , 1 , 0 , 0 , 0 , 0 , 
273,org::apache::lucene::analysis::cjk::CJKTokenizer , 0 , 0 , 0 , 0 , 0 , 0 , 0 , 0 , 0 , 0 , 
274,org::apache::lucene::search::Query , 0 , 0 , 0 , 0 , 0 , 0 , 0 , 0 , 0 , 0 , 
275,org::apache::lucene::analysis::CachingTokenFilter , 3 , 3 , 0 , 0 , 0 , 1 , 0 , 0 , 0 , 0 , 
276,org::apache::lucene::benchmark::byTask::tasks::SearchWithSortTask , 1 , 1 , 0 , 0 , 0 , 0 , 0 , 0 , 0 , 0 , 
277,org::apache::lucene::benchmark::byTask::feeds::TrecDocMaker , 6 , 6 , 0 , 0 , 0 , 1 , 0 , 0 , 0 , 0 , 
278,org::apache::lucene::benchmark::quality::trec::Trec1MQReader , 1 , 1 , 0 , 0 , 0 , 0 , 0 , 0 , 0 , 0 , 
279,org::apache::lucene::demo::HTMLDocument , 1 , 1 , 0 , 0 , 0 , 0 , 0 , 0 , 0 , 0 , 
280,org::apache::lucene::util::Parameter , 0 , 0 , 0 , 0 , 0 , 0 , 0 , 0 , 0 , 0 , 
281,org::apache::lucene::search::RemoteCachingWrapperFilter , 3 , 3 , 0 , 0 , 0 , 0 , 0 , 0 , 0 , 0 , 
282,org::apache::lucene::swing::models::BaseTableModel , 2 , 2 , 0 , 0 , 0 , 0 , 0 , 0 , 0 , 0 , 
283,lucli::LuceneMethods , 0 , 0 , 0 , 0 , 0 , 0 , 0 , 0 , 0 , 0 , 
284,org::tartarus::snowball::SnowballProgram , 1 , 1 , 0 , 0 , 0 , 0 , 0 , 0 , 0 , 0 , 
285,org::apache::lucene::benchmark::byTask::tasks::RepAllTask , 1 , 1 , 0 , 0 , 0 , 0 , 0 , 0 , 0 , 0 , 
286,org::apache::lucene::benchmark::byTask::feeds::DemoHTMLParser , 2 , 2 , 0 , 0 , 0 , 0 , 0 , 0 , 0 , 0 , 
287,org::apache::lucene::xmlparser::builders::SpanNearBuilder , 0 , 0 , 0 , 0 , 0 , 0 , 0 , 0 , 0 , 0 , 
288,org::apache::lucene::index::SegmentTermPositions , 6 , 6 , 0 , 0 , 0 , 0 , 0 , 0 , 0 , 0 , 
289,org::apache::lucene::analysis::ru::RussianStemmer , 0 , 0 , 0 , 0 , 0 , 0 , 0 , 0 , 0 , 0 , 
290,org::apache::lucene::benchmark::byTask::feeds::LineDocMaker , 7 , 7 , 0 , 0 , 0 , 0 , 0 , 0 , 0 , 0 , 
291,org::apache::lucene::index::NormsWriterPerField , 1 , 1 , 0 , 0 , 0 , 0 , 0 , 0 , 0 , 0 , 
292,org::apache::lucene::queryParser::precedence::PrecedenceQueryParserTokenManager , 0 , 0 , 0 , 0 , 0 , 0 , 0 , 0 , 0 , 0 , 
293,org::apache::lucene::analysis::fr::FrenchAnalyzer , 0 , 0 , 0 , 0 , 0 , 0 , 0 , 0 , 0 , 0 , 
294,org::apache::lucene::search::ReqOptSumScorer , 0 , 0 , 0 , 0 , 0 , 0 , 0 , 0 , 0 , 0 , 
295,org::apache::lucene::ant::DocumentHandlerException , 0 , 0 , 0 , 0 , 0 , 0 , 0 , 0 , 0 , 0 , 
296,org::apache::lucene::analysis::shingle::ShingleAnalyzerWrapper , 1 , 1 , 0 , 0 , 0 , 0 , 0 , 0 , 0 , 0 , 
297,org::apache::lucene::queryParser::TokenMgrError , 3 , 3 , 0 , 0 , 0 , 0 , 0 , 0 , 0 , 0 , 
298,org::apache::lucene::xmlparser::builders::SpanFirstBuilder , 0 , 0 , 0 , 0 , 0 , 0 , 0 , 0 , 0 , 0 , 
299,org::apache::lucene::search::MatchAllDocsQuery , 6 , 6 , 0 , 0 , 0 , 0 , 0 , 0 , 0 , 0 , 
300,org::apache::lucene::xmlparser::ParserException , 1 , 1 , 0 , 0 , 0 , 0 , 0 , 0 , 0 , 0 , 
301,org::apache::lucene::benchmark::byTask::utils::Format , 3 , 3 , 0 , 0 , 0 , 0 , 0 , 0 , 0 , 0 , 
302,org::tartarus::snowball::ext::PorterStemmer , 1 , 1 , 0 , 0 , 0 , 0 , 0 , 0 , 0 , 0 , 
303,org::apache::lucene::swing::models::DataStore , 1 , 1 , 0 , 0 , 0 , 0 , 0 , 0 , 0 , 0 , 
304,org::apache::lucene::store::MockRAMDirectory , 17 , 17 , 0 , 0 , 0 , 0 , 0 , 0 , 0 , 0 , 
305,org::apache::lucene::search::HitQueue , 0 , 0 , 0 , 0 , 0 , 0 , 0 , 0 , 0 , 0 , 
306,org::apache::lucene::misc::IndexMergeTool , 2 , 2 , 0 , 0 , 0 , 0 , 0 , 0 , 0 , 0 , 
307,org::apache::lucene::search::Filter , 1 , 1 , 0 , 0 , 0 , 0 , 0 , 0 , 0 , 0 , 
308,org::apache::lucene::benchmark::byTask::tasks::OpenIndexTask , 8 , 8 , 0 , 0 , 0 , 0 , 0 , 0 , 0 , 0 , 
309,org::apache::lucene::queryParser::surround::query::TooManyBasicQueries , 0 , 0 , 0 , 0 , 0 , 0 , 0 , 0 , 0 , 0 , 
310,org::apache::lucene::benchmark::byTask::tasks::CloseIndexTask , 2 , 2 , 0 , 0 , 0 , 0 , 0 , 0 , 0 , 0 , 
311,org::apache::lucene::search::highlight::Highlighter , 6 , 6 , 0 , 0 , 0 , 0 , 0 , 0 , 0 , 0 , 
312,org::apache::lucene::store::AlreadyClosedException , 1 , 1 , 0 , 0 , 0 , 0 , 0 , 0 , 0 , 0 , 
313,org::apache::lucene::index::FilterIndexReader , 8 , 8 , 0 , 0 , 0 , 0 , 0 , 0 , 0 , 0 , 
314,org::apache::lucene::index::SegmentWriteState , 0 , 0 , 0 , 0 , 0 , 0 , 0 , 0 , 0 , 0 , 
315,org::apache::lucene::search::FilteredQuery , 7 , 7 , 0 , 0 , 0 , 0 , 0 , 0 , 0 , 0 , 
316,org::apache::lucene::misc::ChainedFilter , 0 , 0 , 0 , 0 , 0 , 0 , 0 , 0 , 0 , 0 , 
317,org::apache::lucene::search::RemoteCachingWrapperFilterHelper , 3 , 3 , 0 , 0 , 0 , 0 , 0 , 0 , 0 , 0 , 
318,org::apache::lucene::search::spell::LuceneDictionary , 0 , 0 , 0 , 0 , 0 , 0 , 0 , 0 , 0 , 0 , 
319,org::apache::lucene::search::payloads::PayloadHelper , 2 , 2 , 0 , 0 , 0 , 0 , 0 , 0 , 0 , 0 , 
320,org::apache::lucene::util::ScorerDocQueue , 1 , 1 , 0 , 0 , 0 , 0 , 0 , 0 , 0 , 0 , 
321,org::apache::lucene::index::StaleReaderException , 1 , 1 , 0 , 0 , 0 , 0 , 0 , 0 , 0 , 0 , 
322,org::apache::lucene::analysis::cn::ChineseFilter , 0 , 0 , 0 , 0 , 0 , 0 , 0 , 0 , 0 , 0 , 
323,org::apache::lucene::index::TermVectorOffsetInfo , 0 , 0 , 0 , 0 , 0 , 1 , 0 , 0 , 0 , 0 , 
324,org::apache::lucene::benchmark::byTask::Benchmark , 4 , 4 , 0 , 0 , 0 , 0 , 0 , 0 , 0 , 0 , 
325,org::apache::lucene::analysis::standard::StandardTokenizerImpl , 5 , 5 , 0 , 0 , 0 , 0 , 0 , 0 , 0 , 0 , 
326,org::apache::lucene::document::DateField , 0 , 0 , 0 , 0 , 0 , 0 , 0 , 0 , 0 , 0 , 
327,org::apache::lucene::benchmark::byTask::programmatic::Sample , 0 , 0 , 0 , 0 , 0 , 0 , 0 , 0 , 0 , 0 , 
328,org::apache::lucene::index::CheckIndex , 9 , 9 , 0 , 0 , 0 , 2 , 0 , 0 , 0 , 0 , 
329,org::apache::lucene::index::FormatPostingsTermsConsumer , 0 , 0 , 0 , 0 , 0 , 0 , 0 , 0 , 0 , 0 , 
330,org::apache::lucene::benchmark::byTask::tasks::ReopenReaderTask , 1 , 1 , 0 , 0 , 0 , 0 , 0 , 0 , 0 , 0 , 
331,org::apache::lucene::index::SegmentTermEnum , 6 , 6 , 0 , 0 , 0 , 0 , 0 , 0 , 0 , 0 , 
332,org::apache::lucene::analysis::TokenStream , 6 , 6 , 0 , 0 , 0 , 1 , 0 , 0 , 0 , 0 , 
333,org::apache::lucene::analysis::nl::DutchAnalyzer , 0 , 0 , 0 , 0 , 0 , 0 , 0 , 0 , 0 , 0 , 
334,org::apache::lucene::analysis::PorterStemmer , 1 , 1 , 0 , 0 , 0 , 0 , 0 , 0 , 0 , 0 , 
335,org::apache::lucene::search::PrefixTermEnum , 0 , 0 , 0 , 0 , 0 , 0 , 0 , 0 , 0 , 0 , 
336,org::apache::lucene::store::je::JELock , 1 , 1 , 0 , 0 , 0 , 0 , 0 , 0 , 0 , 0 , 
337,org::apache::lucene::queryParser::precedence::ParseException , 0 , 0 , 0 , 0 , 0 , 0 , 0 , 0 , 0 , 0 , 
338,org::apache::lucene::search::TermQuery , 3 , 3 , 0 , 0 , 0 , 0 , 0 , 0 , 0 , 0 , 
339,org::apache::lucene::search::spans::SpanTermQuery , 3 , 3 , 0 , 0 , 0 , 0 , 0 , 0 , 0 , 0 , 
340,org::apache::lucene::util::English , 0 , 0 , 0 , 0 , 0 , 0 , 0 , 0 , 0 , 0 , 
341,org::apache::lucene::index::FieldsWriter , 11 , 11 , 0 , 0 , 0 , 0 , 0 , 0 , 0 , 0 , 
342,org::apache::lucene::document::DateTools , 2 , 2 , 0 , 0 , 0 , 0 , 0 , 0 , 0 , 0 , 
343,org::apache::lucene::analysis::ar::ArabicAnalyzer , 0 , 0 , 0 , 0 , 0 , 0 , 0 , 0 , 0 , 0 , 
344,org::apache::lucene::benchmark::quality::trec::TrecTopicsReader , 1 , 1 , 0 , 0 , 0 , 0 , 0 , 0 , 0 , 0 , 
345,org::apache::lucene::analysis::SinkTokenizer , 2 , 2 , 0 , 0 , 0 , 0 , 0 , 0 , 0 , 0 , 
346,org::apache::lucene::search::FieldDocSortedHitQueue , 5 , 5 , 0 , 0 , 0 , 0 , 0 , 0 , 0 , 0 , 
347,org::apache::lucene::search::TermScorer , 0 , 0 , 0 , 0 , 0 , 0 , 0 , 0 , 0 , 0 , 
348,org::apache::lucene::swing::models::TableSearcherSimulator , 1 , 1 , 0 , 0 , 0 , 0 , 0 , 0 , 0 , 0 , 
349,org::apache::lucene::search::BooleanFilter , 3 , 3 , 0 , 0 , 0 , 0 , 0 , 0 , 0 , 0 , 
350,org::apache::lucene::index::DocConsumerPerThread , 1 , 1 , 0 , 0 , 0 , 0 , 0 , 0 , 0 , 0 , 
351,org::apache::lucene::analysis::compound::hyphenation::ByteVector , 1 , 1 , 0 , 0 , 0 , 0 , 0 , 0 , 0 , 0 , 
352,org::apache::lucene::analysis::payloads::PayloadHelper , 1 , 1 , 0 , 0 , 0 , 0 , 0 , 0 , 0 , 0 , 
353,org::apache::lucene::search::DisjunctionMaxQuery , 6 , 6 , 0 , 0 , 0 , 0 , 0 , 0 , 0 , 0 , 
354,org::apache::lucene::analysis::th::ThaiAnalyzer , 2 , 2 , 0 , 0 , 0 , 0 , 0 , 0 , 0 , 0 , 
355,org::apache::lucene::store::IndexOutput , 5 , 5 , 0 , 0 , 0 , 0 , 0 , 0 , 0 , 0 , 
356,org::apache::lucene::queryParser::surround::query::FieldsQuery , 1 , 1 , 0 , 0 , 0 , 0 , 0 , 0 , 0 , 0 , 
357,org::apache::lucene::queryParser::surround::query::AndQuery , 0 , 0 , 0 , 0 , 0 , 0 , 0 , 0 , 0 , 0 , 
358,org::apache::lucene::analysis::ru::RussianLetterTokenizer , 0 , 0 , 0 , 0 , 0 , 0 , 0 , 0 , 0 , 0 , 
359,org::apache::lucene::index::MultiLevelSkipListWriter , 1 , 1 , 0 , 0 , 0 , 0 , 0 , 0 , 0 , 0 , 
360,org::apache::lucene::search::function::IntFieldSource , 3 , 3 , 0 , 0 , 0 , 0 , 0 , 0 , 0 , 0 , 
361,org::apache::lucene::index::SerialMergeScheduler , 5 , 5 , 0 , 0 , 0 , 0 , 0 , 0 , 0 , 0 , 
362,org::apache::lucene::analysis::standard::StandardFilter , 3 , 3 , 0 , 0 , 0 , 0 , 0 , 0 , 0 , 0 , 
363,org::apache::lucene::benchmark::byTask::tasks::SearchTask , 1 , 1 , 0 , 0 , 0 , 0 , 0 , 0 , 0 , 0 , 
364,org::apache::lucene::util::SmallFloat , 1 , 1 , 0 , 0 , 0 , 0 , 0 , 0 , 0 , 0 , 
365,org::apache::lucene::store::je::JEIndexOutput , 2 , 2 , 0 , 0 , 0 , 0 , 0 , 0 , 0 , 0 , 
366,org::apache::lucene::analysis::LowerCaseFilter , 2 , 2 , 0 , 0 , 0 , 0 , 0 , 0 , 0 , 0 , 
367,org::apache::lucene::queryParser::surround::query::ExceptionQueryTst , 2 , 2 , 0 , 0 , 0 , 0 , 0 , 0 , 0 , 0 , 
368,org::apache::lucene::demo::html::Token , 0 , 0 , 0 , 0 , 0 , 0 , 0 , 0 , 0 , 0 , 
369,org::apache::lucene::store::db::DbIndexInput , 0 , 0 , 0 , 0 , 0 , 0 , 0 , 0 , 0 , 0 , 
370,org::apache::lucene::benchmark::byTask::feeds::DocData , 1 , 1 , 0 , 0 , 0 , 0 , 0 , 0 , 0 , 0 , 
371,org::apache::lucene::search::spans::SpanNearQuery , 3 , 3 , 0 , 0 , 0 , 0 , 0 , 0 , 0 , 0 , 
372,org::apache::lucene::queryParser::surround::parser::Token , 0 , 0 , 0 , 0 , 0 , 0 , 0 , 0 , 0 , 0 , 
373,org::apache::lucene::benchmark::byTask::tasks::PerfTask , 3 , 3 , 0 , 0 , 0 , 0 , 0 , 0 , 0 , 0 , 
374,org::apache::lucene::benchmark::byTask::feeds::BasicDocMaker , 6 , 6 , 0 , 0 , 0 , 0 , 0 , 0 , 0 , 0 , 
375,org::apache::lucene::search::regex::JavaUtilRegexCapabilities , 0 , 0 , 0 , 0 , 0 , 0 , 0 , 0 , 0 , 0 , 
376,org::apache::lucene::search::SimilarityDelegator , 1 , 1 , 0 , 0 , 0 , 0 , 0 , 0 , 0 , 0 , 
377,org::apache::lucene::search::FuzzyQuery , 2 , 2 , 0 , 0 , 0 , 0 , 0 , 0 , 0 , 0 , 
378,org::apache::lucene::xmlparser::builders::BoostingQueryBuilder , 0 , 0 , 0 , 0 , 0 , 0 , 0 , 0 , 0 , 0 , 
379,org::apache::lucene::search::SpanFilter , 2 , 2 , 0 , 0 , 0 , 0 , 0 , 0 , 0 , 0 , 
380,org::apache::lucene::store::instantiated::InstantiatedTermPositionVector , 1 , 1 , 0 , 0 , 0 , 0 , 0 , 0 , 0 , 0 , 
381,org::apache::lucene::store::MockRAMOutputStream , 9 , 9 , 0 , 0 , 0 , 0 , 0 , 0 , 0 , 0 , 
382,org::apache::lucene::benchmark::byTask::tasks::ResetSystemSoftTask , 2 , 2 , 0 , 0 , 0 , 0 , 0 , 0 , 0 , 0 , 
383,org::apache::lucene::index::IndexCommit , 6 , 6 , 0 , 0 , 0 , 0 , 0 , 0 , 0 , 0 , 
384,org::apache::lucene::analysis::compound::hyphenation::Hyphenation , 1 , 1 , 0 , 0 , 0 , 0 , 0 , 0 , 0 , 0 , 
385,org::apache::lucene::search::similar::SimilarityQueries , 0 , 0 , 0 , 0 , 0 , 0 , 0 , 0 , 0 , 0 , 
386,org::apache::lucene::analysis::SimpleAnalyzer , 1 , 1 , 0 , 0 , 0 , 0 , 0 , 0 , 0 , 0 , 
387,org::apache::lucene::benchmark::byTask::feeds::DirDocMaker , 3 , 3 , 0 , 0 , 0 , 0 , 0 , 0 , 0 , 0 , 
388,org::apache::lucene::search::regex::SpanRegexQuery , 1 , 1 , 0 , 0 , 0 , 0 , 0 , 0 , 0 , 0 , 
389,org::apache::lucene::benchmark::byTask::feeds::SimpleQueryMaker , 2 , 2 , 0 , 0 , 0 , 0 , 0 , 0 , 0 , 0 , 
390,org::apache::lucene::index::TermVectorsTermsWriterPerField , 2 , 2 , 0 , 0 , 0 , 0 , 0 , 0 , 0 , 0 , 
391,org::apache::lucene::benchmark::byTask::tasks::CommitIndexTask , 1 , 1 , 0 , 0 , 0 , 0 , 0 , 0 , 0 , 0 , 
392,org::apache::lucene::benchmark::byTask::tasks::SearchTravRetHighlightTask , 1 , 1 , 0 , 0 , 0 , 0 , 0 , 0 , 0 , 0 , 
393,org::apache::lucene::search::highlight::QueryScorer , 0 , 0 , 0 , 0 , 0 , 0 , 0 , 0 , 0 , 0 , 
394,org::apache::lucene::queryParser::FastCharStream , 0 , 0 , 0 , 0 , 0 , 0 , 0 , 0 , 0 , 0 , 
395,org::apache::lucene::benchmark::standard::StandardOptions , 0 , 0 , 0 , 0 , 0 , 0 , 0 , 0 , 0 , 0 , 
396,org::apache::lucene::search::function::FieldCacheSource , 3 , 3 , 0 , 0 , 0 , 0 , 0 , 0 , 0 , 0 , 
397,org::apache::lucene::search::CachingWrapperFilter , 4 , 4 , 0 , 0 , 0 , 1 , 0 , 0 , 0 , 0 , 
398,org::apache::lucene::search::RangeQuery , 3 , 3 , 0 , 0 , 0 , 1 , 0 , 0 , 0 , 0 , 
399,org::apache::lucene::analysis::sinks::TokenRangeSinkTokenizer , 1 , 1 , 0 , 0 , 0 , 0 , 0 , 0 , 0 , 0 , 
400,org::apache::lucene::index::CompoundFileWriter , 5 , 5 , 0 , 0 , 0 , 0 , 0 , 0 , 0 , 0 , 
401,org::apache::lucene::benchmark::standard::StandardBenchmarker , 4 , 4 , 0 , 0 , 0 , 0 , 0 , 0 , 0 , 0 , 
402,org::apache::lucene::queryParser::surround::query::SrndBooleanQuery , 0 , 0 , 0 , 0 , 0 , 0 , 0 , 0 , 0 , 0 , 
403,org::apache::lucene::analysis::snowball::SnowballFilter , 0 , 0 , 0 , 0 , 0 , 0 , 0 , 0 , 0 , 0 , 
404,org::apache::lucene::index::FieldInfo , 5 , 5 , 0 , 0 , 0 , 1 , 0 , 0 , 0 , 0 , 
405,org::apache::lucene::search::Hits , 4 , 4 , 0 , 0 , 0 , 0 , 0 , 0 , 0 , 0 , 
406,org::apache::lucene::search::spell::JaroWinklerDistance , 1 , 1 , 0 , 0 , 0 , 0 , 0 , 0 , 0 , 0 , 
407,org::apache::lucene::search::FieldSortedHitQueue , 10 , 10 , 0 , 0 , 0 , 0 , 0 , 0 , 0 , 0 , 
408,org::apache::lucene::util::cache::SimpleLRUCache , 1 , 1 , 0 , 0 , 0 , 0 , 0 , 0 , 0 , 0 , 
409,org::apache::lucene::search::RangeTermEnum , 0 , 0 , 0 , 0 , 0 , 1 , 0 , 0 , 0 , 0 , 
410,org::apache::lucene::analysis::StopFilter , 6 , 6 , 0 , 0 , 0 , 0 , 0 , 0 , 0 , 0 , 
411,org::apache::lucene::index::PositionBasedTermVectorMapper , 4 , 4 , 0 , 0 , 0 , 0 , 0 , 0 , 0 , 0 , 
412,org::apache::lucene::store::ChecksumIndexOutput , 2 , 2 , 0 , 0 , 0 , 0 , 0 , 0 , 0 , 0 , 
413,org::apache::lucene::misc::LengthNormModifier , 2 , 2 , 0 , 0 , 0 , 0 , 0 , 0 , 0 , 0 , 
414,org::apache::lucene::benchmark::byTask::tasks::OptimizeTask , 2 , 2 , 0 , 0 , 0 , 0 , 0 , 0 , 0 , 0 , 
415,org::apache::lucene::xmlparser::QueryTemplateManager , 1 , 1 , 0 , 0 , 0 , 0 , 0 , 0 , 0 , 0 , 
416,org::apache::lucene::demo::FileDocument , 1 , 1 , 0 , 0 , 0 , 0 , 0 , 0 , 0 , 0 , 
417,org::tartarus::snowball::ext::German2Stemmer , 1 , 1 , 0 , 0 , 0 , 0 , 0 , 0 , 0 , 0 , 
418,org::apache::lucene::index::DocHelper , 6 , 6 , 0 , 0 , 0 , 0 , 0 , 0 , 0 , 0 , 
419,org::apache::lucene::search::TopDocCollector , 3 , 3 , 0 , 0 , 0 , 0 , 0 , 0 , 0 , 0 , 
420,org::apache::lucene::index::MultiSegmentReader , 6 , 6 , 0 , 0 , 0 , 1 , 0 , 0 , 0 , 0 , 
421,org::apache::lucene::search::QueryWrapperFilter , 2 , 2 , 0 , 0 , 0 , 0 , 0 , 0 , 0 , 0 , 
422,org::apache::lucene::search::function::DocValues , 3 , 3 , 0 , 0 , 0 , 0 , 0 , 0 , 0 , 0 , 
423,org::apache::lucene::index::DocFieldConsumerPerThread , 1 , 1 , 0 , 0 , 0 , 0 , 0 , 0 , 0 , 0 , 
424,org::apache::lucene::analysis::KeywordTokenizer , 0 , 0 , 0 , 0 , 0 , 0 , 0 , 0 , 0 , 0 , 
425,org::apache::lucene::queryParser::precedence::TokenMgrError , 0 , 0 , 0 , 0 , 0 , 0 , 0 , 0 , 0 , 0 , 
426,org::apache::lucene::analysis::ngram::EdgeNGramTokenizer , 3 , 3 , 0 , 0 , 0 , 0 , 0 , 0 , 0 , 0 , 
427,org::apache::lucene::search::similar::MoreLikeThisQuery , 3 , 3 , 0 , 0 , 0 , 0 , 0 , 0 , 0 , 0 , 
428,org::apache::lucene::search::highlight::SimpleHTMLFormatter , 0 , 0 , 0 , 0 , 0 , 0 , 0 , 0 , 0 , 0 , 
429,org::apache::lucene::index::FormatPostingsFieldsWriter , 0 , 0 , 0 , 0 , 0 , 0 , 0 , 0 , 0 , 0 , 
430,org::apache::lucene::store::NoLockFactory , 2 , 2 , 0 , 0 , 0 , 0 , 0 , 0 , 0 , 0 , 
431,org::apache::lucene::search::FilterClause , 2 , 2 , 0 , 0 , 0 , 0 , 0 , 0 , 0 , 0 , 
432,org::apache::lucene::xmlparser::webdemo::FormBasedXmlQueryDemo , 0 , 0 , 0 , 0 , 0 , 0 , 0 , 0 , 0 , 0 , 
433,org::apache::lucene::index::InvertedDocEndConsumerPerField , 1 , 1 , 0 , 0 , 0 , 0 , 0 , 0 , 0 , 0 , 
434,org::tartarus::snowball::ext::RomanianStemmer , 1 , 1 , 0 , 0 , 0 , 0 , 0 , 0 , 0 , 0 , 
435,org::apache::lucene::store::je::File , 1 , 1 , 0 , 0 , 0 , 0 , 0 , 0 , 0 , 0 , 
436,org::apache::lucene::benchmark::byTask::tasks::DeleteDocTask , 2 , 2 , 0 , 0 , 0 , 0 , 0 , 0 , 0 , 0 , 
437,org::apache::lucene::search::Scorer , 1 , 1 , 0 , 0 , 0 , 0 , 0 , 0 , 0 , 0 , 
438,org::apache::lucene::analysis::nl::DutchStemmer , 0 , 0 , 0 , 0 , 0 , 0 , 0 , 0 , 0 , 0 , 
439,org::apache::lucene::search::function::ValueSourceQuery , 2 , 2 , 0 , 0 , 0 , 1 , 0 , 0 , 0 , 0 , 
440,org::apache::lucene::store::db::SanityLoadLibrary , 1 , 1 , 0 , 0 , 0 , 0 , 0 , 0 , 0 , 0 , 
441,org::apache::lucene::benchmark::byTask::tasks::NewAnalyzerTask , 2 , 2 , 0 , 0 , 0 , 0 , 0 , 0 , 0 , 0 , 
442,org::tartarus::snowball::ext::GermanStemmer , 1 , 1 , 0 , 0 , 0 , 0 , 0 , 0 , 0 , 0 , 
443,org::apache::lucene::util::Constants , 1 , 1 , 0 , 0 , 0 , 0 , 0 , 0 , 0 , 0 , 
444,org::apache::lucene::queryParser::surround::query::SrndTermQuery , 0 , 0 , 0 , 0 , 0 , 0 , 0 , 0 , 0 , 0 , 
445,org::apache::lucene::queryParser::surround::query::SrndTruncQuery , 0 , 0 , 0 , 0 , 0 , 0 , 0 , 0 , 0 , 0 , 
446,org::apache::lucene::search::spans::NearSpansUnordered , 3 , 3 , 0 , 0 , 0 , 0 , 0 , 0 , 0 , 0 , 
447,org::apache::lucene::xmlparser::builders::BooleanFilterBuilder , 1 , 1 , 0 , 0 , 0 , 0 , 0 , 0 , 0 , 0 , 
448,org::apache::lucene::benchmark::quality::utils::SimpleQQParser , 1 , 1 , 0 , 0 , 0 , 0 , 0 , 0 , 0 , 0 , 
449,org::apache::lucene::index::SnapshotDeletionPolicy , 5 , 5 , 0 , 0 , 0 , 0 , 0 , 0 , 0 , 0 , 
450,org::apache::lucene::analysis::cz::CzechAnalyzer , 0 , 0 , 0 , 0 , 0 , 0 , 0 , 0 , 0 , 0 , 
451,org::apache::lucene::index::ByteSliceWriter , 1 , 1 , 0 , 0 , 0 , 0 , 0 , 0 , 0 , 0 , 
452,org::apache::lucene::analysis::fr::FrenchStemmer , 0 , 0 , 0 , 0 , 0 , 0 , 0 , 0 , 0 , 0 , 
453,org::apache::lucene::benchmark::byTask::feeds::AbstractQueryMaker , 1 , 1 , 0 , 0 , 0 , 0 , 0 , 0 , 0 , 0 , 
454,org::apache::lucene::search::FilteredTermEnum , 0 , 0 , 0 , 0 , 0 , 0 , 0 , 0 , 0 , 0 , 
455,org::apache::lucene::analysis::payloads::NumericPayloadTokenFilter , 2 , 2 , 0 , 0 , 0 , 0 , 0 , 0 , 0 , 0 , 
456,org::apache::lucene::analysis::compound::hyphenation::PatternParser , 1 , 1 , 0 , 0 , 0 , 0 , 0 , 0 , 0 , 0 , 
457,org::apache::lucene::analysis::fr::FrenchStemFilter , 0 , 0 , 0 , 0 , 0 , 0 , 0 , 0 , 0 , 0 , 
458,org::apache::lucene::search::spans::SpanQuery , 1 , 1 , 0 , 0 , 0 , 0 , 0 , 0 , 0 , 0 , 
459,org::apache::lucene::search::function::OrdFieldSource , 3 , 3 , 0 , 0 , 0 , 0 , 0 , 0 , 0 , 0 , 
460,org::tartarus::snowball::ext::DutchStemmer , 1 , 1 , 0 , 0 , 0 , 0 , 0 , 0 , 0 , 0 , 
461,org::apache::lucene::index::memory::PatternAnalyzer , 2 , 2 , 0 , 0 , 0 , 0 , 0 , 0 , 0 , 0 , 
462,org::apache::lucene::search::function::FieldScoreQuery , 1 , 1 , 0 , 0 , 0 , 0 , 0 , 0 , 0 , 0 , 
463,org::apache::lucene::analysis::compound::CompoundWordTokenFilterBase , 2 , 2 , 0 , 0 , 0 , 0 , 0 , 0 , 0 , 0 , 
464,org::apache::lucene::swing::models::ListSearcher , 3 , 3 , 0 , 0 , 0 , 0 , 0 , 0 , 0 , 0 , 
465,org::apache::lucene::index::DocConsumer , 1 , 1 , 0 , 0 , 0 , 0 , 0 , 0 , 0 , 0 , 
466,org::apache::lucene::analysis::standard::StandardTokenizer , 8 , 8 , 0 , 0 , 0 , 1 , 0 , 0 , 0 , 0 , 
467,org::apache::lucene::xmlparser::builders::SpanOrTermsBuilder , 1 , 1 , 0 , 0 , 0 , 0 , 0 , 0 , 0 , 0 , 
468,org::apache::lucene::analysis::cn::ChineseTokenizer , 0 , 0 , 0 , 0 , 0 , 0 , 0 , 0 , 0 , 0 , 
469,org::apache::lucene::wikipedia::analysis::WikipediaTokenizer , 6 , 6 , 0 , 0 , 0 , 0 , 0 , 0 , 0 , 0 , 
470,org::apache::lucene::store::instantiated::InstantiatedTermDocs , 2 , 2 , 0 , 0 , 0 , 0 , 0 , 0 , 0 , 0 , 
471,org::apache::lucene::index::DocFieldProcessorPerThread , 2 , 2 , 0 , 0 , 0 , 0 , 0 , 0 , 0 , 0 , 
472,org::apache::lucene::xmlparser::builders::UserInputQueryBuilder , 1 , 1 , 0 , 0 , 0 , 0 , 0 , 0 , 0 , 0 , 
473,org::apache::lucene::analysis::ru::RussianStemFilter , 0 , 0 , 0 , 0 , 0 , 0 , 0 , 0 , 0 , 0 , 
474,org::apache::lucene::analysis::shingle::ShingleFilter , 2 , 2 , 0 , 0 , 0 , 0 , 0 , 0 , 0 , 0 , 
475,org::apache::lucene::index::DocFieldConsumer , 1 , 1 , 0 , 0 , 0 , 0 , 0 , 0 , 0 , 0 , 
476,org::apache::lucene::analysis::compound::hyphenation::CharVector , 1 , 1 , 0 , 0 , 0 , 0 , 0 , 0 , 0 , 0 , 
477,org::apache::lucene::search::FilterManager , 2 , 2 , 0 , 0 , 0 , 1 , 0 , 0 , 0 , 0 , 
478,org::apache::lucene::search::PhraseQuery , 4 , 4 , 0 , 0 , 0 , 0 , 0 , 0 , 0 , 0 , 
479,org::apache::lucene::index::TermsHashConsumer , 2 , 2 , 0 , 0 , 0 , 0 , 0 , 0 , 0 , 0 , 
480,org::apache::lucene::queryParser::surround::query::BooleanQueryTst , 2 , 2 , 0 , 0 , 0 , 0 , 0 , 0 , 0 , 0 , 
481,org::apache::lucene::index::KeepOnlyLastCommitDeletionPolicy , 2 , 2 , 0 , 0 , 0 , 0 , 0 , 0 , 0 , 0 , 
482,org::apache::lucene::search::BooleanScorer , 1 , 1 , 0 , 0 , 0 , 0 , 0 , 0 , 0 , 0 , 
483,org::apache::lucene::search::FieldCacheImpl , 9 , 9 , 0 , 0 , 0 , 1 , 0 , 0 , 0 , 0 , 
484,org::apache::lucene::store::instantiated::InstantiatedTermFreqVector , 1 , 1 , 0 , 0 , 0 , 0 , 0 , 0 , 0 , 0 , 
485,org::apache::lucene::index::DocFieldConsumerPerField , 1 , 1 , 0 , 0 , 0 , 0 , 0 , 0 , 0 , 0 , 
486,org::apache::lucene::benchmark::byTask::tasks::RepSumByPrefTask , 1 , 1 , 0 , 0 , 0 , 0 , 0 , 0 , 0 , 0 , 
487,org::apache::lucene::index::FormatPostingsPositionsWriter , 0 , 0 , 0 , 0 , 0 , 0 , 0 , 0 , 0 , 0 , 
488,org::apache::lucene::index::FieldsReader , 24 , 24 , 0 , 0 , 0 , 1 , 0 , 0 , 0 , 0 , 
489,org::apache::lucene::store::GCJDirectory , 1 , 1 , 0 , 0 , 0 , 0 , 0 , 0 , 0 , 0 , 
490,org::apache::lucene::search::spell::SuggestWord , 0 , 0 , 0 , 0 , 0 , 0 , 0 , 0 , 0 , 0 , 
491,org::apache::lucene::xmlparser::builders::SpanTermBuilder , 0 , 0 , 0 , 0 , 0 , 0 , 0 , 0 , 0 , 0 , 
492,org::apache::lucene::benchmark::byTask::utils::Algorithm , 4 , 4 , 0 , 0 , 0 , 0 , 0 , 0 , 0 , 0 , 
493,org::apache::lucene::search::CachingWrapperFilterHelper , 2 , 2 , 0 , 0 , 0 , 0 , 0 , 0 , 0 , 0 , 
494,org::tartarus::snowball::ext::RussianStemmer , 1 , 1 , 0 , 0 , 0 , 0 , 0 , 0 , 0 , 0 , 
495,org::apache::lucene::store::db::Block , 0 , 0 , 0 , 0 , 0 , 0 , 0 , 0 , 0 , 0 , 
496,org::apache::lucene::search::HitCollector , 0 , 0 , 0 , 0 , 0 , 0 , 0 , 0 , 0 , 0 , 
497,org::apache::lucene::index::TermVectorMapper , 2 , 2 , 0 , 0 , 0 , 0 , 0 , 0 , 0 , 0 , 
498,org::apache::lucene::util::OpenBitSet , 2 , 2 , 0 , 0 , 0 , 0 , 0 , 0 , 0 , 0 , 
499,org::apache::lucene::benchmark::byTask::tasks::ReadTokensTask , 2 , 2 , 0 , 0 , 0 , 0 , 0 , 0 , 0 , 0 , 
500,org::apache::lucene::store::je::Block , 1 , 1 , 0 , 0 , 0 , 0 , 0 , 0 , 0 , 0 , 
501,org::apache::lucene::util::StringHelper , 1 , 1 , 0 , 0 , 0 , 0 , 0 , 0 , 0 , 0 , 
502,org::apache::lucene::swing::models::ListSearcherSimulator , 1 , 1 , 0 , 0 , 0 , 0 , 0 , 0 , 0 , 0 , 
503,org::apache::lucene::demo::html::Tags , 0 , 0 , 0 , 0 , 0 , 0 , 0 , 0 , 0 , 0 , 
504,org::apache::lucene::benchmark::byTask::tasks::SetPropTask , 1 , 1 , 0 , 0 , 0 , 0 , 0 , 0 , 0 , 0 , 
505,org::apache::lucene::store::LockVerifyServer , 1 , 1 , 0 , 0 , 0 , 0 , 0 , 0 , 0 , 0 , 
506,org::apache::lucene::analysis::payloads::TokenOffsetPayloadTokenFilter , 2 , 2 , 0 , 0 , 0 , 0 , 0 , 0 , 0 , 0 , 
507,org::apache::lucene::search::spans::SpanScorer , 3 , 3 , 0 , 0 , 0 , 0 , 0 , 0 , 0 , 0 , 
508,org::apache::lucene::index::MultiLevelSkipListReader , 2 , 2 , 0 , 0 , 0 , 0 , 0 , 0 , 0 , 0 , 
509,org::apache::lucene::index::DocumentsWriterThreadState , 5 , 5 , 0 , 0 , 0 , 1 , 0 , 0 , 0 , 0 , 
510,org::apache::lucene::document::LoadFirstFieldSelector , 0 , 0 , 0 , 0 , 0 , 0 , 0 , 0 , 0 , 0 , 
511,org::apache::lucene::search::PrefixFilter , 4 , 4 , 0 , 0 , 0 , 0 , 0 , 0 , 0 , 0 , 
512,org::apache::lucene::index::TermVectorsTermsWriter , 2 , 2 , 0 , 0 , 0 , 1 , 0 , 0 , 0 , 0 , 
513,org::apache::lucene::benchmark::Driver , 0 , 0 , 0 , 0 , 0 , 0 , 0 , 0 , 0 , 0 , 
514,org::apache::lucene::benchmark::quality::utils::SubmissionReport , 2 , 2 , 0 , 0 , 0 , 0 , 0 , 0 , 0 , 0 , 
515,org::apache::lucene::store::instantiated::InstantiatedTerm , 1 , 1 , 0 , 0 , 0 , 0 , 0 , 0 , 0 , 0 , 
516,org::apache::lucene::store::instantiated::FieldSetting , 1 , 1 , 0 , 0 , 0 , 1 , 0 , 0 , 0 , 0 , 
517,org::apache::lucene::index::SegmentReader , 32 , 32 , 0 , 0 , 0 , 4 , 0 , 0 , 0 , 0 , 
518,org::apache::lucene::benchmark::byTask::tasks::SearchTravRetLoadFieldSelectorTask , 2 , 2 , 0 , 0 , 0 , 0 , 0 , 0 , 0 , 0 , 
519,org::apache::lucene::benchmark::standard::ReutersQueries , 0 , 0 , 0 , 0 , 0 , 0 , 0 , 0 , 0 , 0 , 
520,org::apache::lucene::queryParser::surround::parser::TokenMgrError , 0 , 0 , 0 , 0 , 0 , 0 , 0 , 0 , 0 , 0 , 
521,org::apache::lucene::index::FormatPostingsDocsWriter , 0 , 0 , 0 , 0 , 0 , 0 , 0 , 0 , 0 , 0 , 
522,org::apache::lucene::store::db::File , 0 , 0 , 0 , 0 , 0 , 0 , 0 , 0 , 0 , 0 , 
523,org::apache::lucene::index::SegmentInfo , 14 , 14 , 0 , 0 , 0 , 1 , 0 , 0 , 0 , 0 , 
524,org::apache::lucene::index::ReadOnlyMultiSegmentReader , 1 , 1 , 0 , 0 , 0 , 0 , 0 , 0 , 0 , 0 , 
525,org::apache::lucene::index::StoredFieldsWriter , 1 , 1 , 0 , 0 , 0 , 1 , 0 , 0 , 0 , 0 , 
526,org::apache::lucene::xmlparser::CorePlusExtensionsParser , 0 , 0 , 0 , 0 , 0 , 0 , 0 , 0 , 0 , 0 , 
527,org::apache::lucene::index::RawPostingList , 1 , 1 , 0 , 0 , 0 , 0 , 0 , 0 , 0 , 0 , 
528,org::apache::lucene::benchmark::byTask::tasks::ReadTask , 3 , 3 , 0 , 0 , 0 , 1 , 0 , 0 , 0 , 0 , 
529,org::apache::lucene::benchmark::byTask::feeds::SimpleDocMaker , 3 , 3 , 0 , 0 , 0 , 0 , 0 , 0 , 0 , 0 , 
530,org::apache::lucene::store::NIOFSDirectory , 1 , 1 , 0 , 0 , 0 , 2 , 0 , 0 , 0 , 0 , 
531,org::apache::lucene::index::FreqProxTermsWriterPerField , 2 , 2 , 0 , 0 , 0 , 0 , 0 , 0 , 0 , 0 , 
532,org::apache::lucene::demo::IndexHTML , 1 , 1 , 0 , 0 , 0 , 0 , 0 , 0 , 0 , 0 , 
533,org::apache::lucene::analysis::nl::DutchStemFilter , 0 , 0 , 0 , 0 , 0 , 0 , 0 , 0 , 0 , 0 , 
534,org::apache::lucene::index::IndexFileDeleter , 20 , 20 , 0 , 0 , 0 , 3 , 0 , 0 , 0 , 0 , 
535,org::tartarus::snowball::ext::KpStemmer , 1 , 1 , 0 , 0 , 0 , 0 , 0 , 0 , 0 , 0 , 
536,lucli::Lucli , 0 , 0 , 0 , 0 , 0 , 0 , 0 , 0 , 0 , 0 , 
537,org::apache::lucene::analysis::ar::ArabicStemmer , 0 , 0 , 0 , 0 , 0 , 0 , 0 , 0 , 0 , 0 , 
538,org::apache::lucene::index::DocFieldProcessorPerField , 1 , 1 , 0 , 0 , 0 , 0 , 0 , 0 , 0 , 0 , 
539,org::apache::lucene::analysis::LetterTokenizer , 0 , 0 , 0 , 0 , 0 , 0 , 0 , 0 , 0 , 0 , 
540,org::apache::lucene::queryParser::surround::query::SimpleTerm , 1 , 1 , 0 , 0 , 0 , 0 , 0 , 0 , 0 , 0 , 
541,org::apache::lucene::search::SortComparator , 1 , 1 , 0 , 0 , 0 , 0 , 0 , 0 , 0 , 0 , 
542,org::apache::lucene::analysis::th::ThaiWordFilter , 3 , 3 , 0 , 0 , 0 , 0 , 0 , 0 , 0 , 0 , 
543,org::apache::lucene::index::CompoundFileReader , 4 , 4 , 0 , 0 , 0 , 0 , 0 , 0 , 0 , 0 , 
544,org::apache::lucene::store::RAMDirectory , 19 , 19 , 0 , 0 , 0 , 3 , 0 , 0 , 0 , 0 , 
545,org::apache::lucene::index::memory::AnalyzerUtil , 2 , 2 , 0 , 0 , 0 , 0 , 0 , 0 , 0 , 0 , 
546,org::apache::lucene::analysis::br::BrazilianStemFilter , 0 , 0 , 0 , 0 , 0 , 0 , 0 , 0 , 0 , 0 , 
547,org::apache::lucene::index::CorruptIndexException , 1 , 1 , 0 , 0 , 0 , 0 , 0 , 0 , 0 , 0 , 
548,org::apache::lucene::search::QueryTermVector , 1 , 1 , 0 , 0 , 0 , 0 , 0 , 0 , 0 , 0 , 
549,org::apache::lucene::store::SimpleFSLockFactory , 7 , 7 , 0 , 0 , 0 , 0 , 0 , 0 , 0 , 0 , 
550,org::apache::lucene::demo::html::Entities , 1 , 1 , 0 , 0 , 0 , 0 , 0 , 0 , 0 , 0 , 
551,org::apache::lucene::benchmark::byTask::tasks::OpenReaderTask , 1 , 1 , 0 , 0 , 0 , 0 , 0 , 0 , 0 , 0 , 
552,org::apache::lucene::benchmark::byTask::PerfRunData , 8 , 8 , 0 , 0 , 0 , 0 , 0 , 0 , 0 , 0 , 
553,org::apache::lucene::search::RangeFilter , 4 , 4 , 0 , 0 , 0 , 0 , 0 , 0 , 0 , 0 , 
554,org::apache::lucene::index::ByteBlockPool , 3 , 3 , 0 , 0 , 0 , 0 , 0 , 0 , 0 , 0 , 
555,org::apache::lucene::analysis::CharArraySet , 4 , 4 , 0 , 0 , 0 , 1 , 0 , 0 , 0 , 0 , 
556,org::apache::lucene::index::NormsWriterPerThread , 1 , 1 , 0 , 0 , 0 , 0 , 0 , 0 , 0 , 0 , 
557,org::apache::lucene::index::DocFieldProcessor , 1 , 1 , 0 , 0 , 0 , 0 , 0 , 0 , 0 , 0 , 
558,org::apache::lucene::xmlparser::builders::SpanQueryBuilderFactory , 1 , 1 , 0 , 0 , 0 , 0 , 0 , 0 , 0 , 0 , 
559,org::apache::lucene::index::TermsHashPerField , 2 , 2 , 0 , 0 , 0 , 0 , 0 , 0 , 0 , 0 , 
560,org::apache::lucene::search::ConjunctionScorer , 2 , 2 , 0 , 0 , 0 , 0 , 0 , 0 , 0 , 0 , 
561,org::apache::lucene::index::FormatPostingsFieldsConsumer , 0 , 0 , 0 , 0 , 0 , 0 , 0 , 0 , 0 , 0 , 
562,org::apache::lucene::search::MultiPhraseQuery , 6 , 6 , 0 , 0 , 0 , 1 , 0 , 0 , 0 , 0 , 
563,org::apache::lucene::index::FieldNormModifier , 3 , 3 , 0 , 0 , 0 , 0 , 0 , 0 , 0 , 0 , 
564,org::apache::lucene::analysis::nl::WordlistLoader , 0 , 0 , 0 , 0 , 0 , 0 , 0 , 0 , 0 , 0 , 
565,org::apache::lucene::util::BitUtil , 1 , 1 , 0 , 0 , 0 , 0 , 0 , 0 , 0 , 0 , 
566,org::apache::lucene::analysis::miscellaneous::SingleTokenTokenStream , 2 , 2 , 0 , 0 , 0 , 0 , 0 , 0 , 0 , 0 , 
567,org::apache::lucene::search::spell::LevensteinDistance , 1 , 1 , 0 , 0 , 0 , 1 , 0 , 0 , 0 , 0 , 
568,org::apache::lucene::analysis::miscellaneous::EmptyTokenStream , 2 , 2 , 0 , 0 , 0 , 0 , 0 , 0 , 0 , 0 , 
569,org::apache::lucene::util::ToStringUtils , 1 , 1 , 0 , 0 , 0 , 0 , 0 , 0 , 0 , 0 , 
570,org::apache::lucene::index::FreqProxFieldMergeState , 2 , 2 , 0 , 0 , 0 , 0 , 0 , 0 , 0 , 0 , 
571,org::apache::lucene::store::instantiated::InstantiatedTermDocumentInformation , 1 , 1 , 0 , 0 , 0 , 0 , 0 , 0 , 0 , 0 , 
572,org::apache::lucene::analysis::WhitespaceAnalyzer , 1 , 1 , 0 , 0 , 0 , 0 , 0 , 0 , 0 , 0 , 
573,org::apache::lucene::search::SpanQueryFilter , 2 , 2 , 0 , 0 , 0 , 0 , 0 , 0 , 0 , 0 , 
574,org::apache::lucene::store::instantiated::FieldSettings , 1 , 1 , 0 , 0 , 0 , 1 , 0 , 0 , 0 , 0 , 
575,org::apache::lucene::index::MultipleTermPositions , 3 , 3 , 0 , 0 , 0 , 0 , 0 , 0 , 0 , 0 , 
576,org::apache::lucene::analysis::compound::HyphenationCompoundWordTokenFilter , 1 , 1 , 0 , 0 , 0 , 0 , 0 , 0 , 0 , 0 , 
577,org::apache::lucene::demo::html::HTMLParserTokenManager , 1 , 1 , 0 , 0 , 0 , 0 , 0 , 0 , 0 , 0 , 
578,org::apache::lucene::benchmark::byTask::utils::FileUtils , 0 , 0 , 0 , 0 , 0 , 0 , 0 , 0 , 0 , 0 , 
579,org::apache::lucene::index::DocFieldConsumersPerField , 1 , 1 , 0 , 0 , 0 , 0 , 0 , 0 , 0 , 0 , 
580,org::apache::lucene::search::BooleanScorer2 , 5 , 5 , 0 , 0 , 0 , 0 , 0 , 0 , 0 , 0 , 
581,org::apache::lucene::benchmark::byTask::tasks::SearchTravRetTask , 1 , 1 , 0 , 0 , 0 , 0 , 0 , 0 , 0 , 0 , 
582,org::apache::lucene::index::NormsWriter , 1 , 1 , 0 , 0 , 0 , 0 , 0 , 0 , 0 , 0 , 
583,org::apache::lucene::benchmark::byTask::stats::Report , 1 , 1 , 0 , 0 , 0 , 0 , 0 , 0 , 0 , 0 , 
584,com::sleepycat::db::DbHandleExtractor , 0 , 0 , 0 , 0 , 0 , 0 , 0 , 0 , 0 , 0 , 
585,org::apache::lucene::index::DirectoryIndexReader , 9 , 9 , 0 , 0 , 0 , 4 , 0 , 0 , 0 , 0 , 
586,org::apache::lucene::search::function::FloatFieldSource , 3 , 3 , 0 , 0 , 0 , 0 , 0 , 0 , 0 , 0 , 
587,org::apache::lucene::search::Hit , 3 , 3 , 0 , 0 , 0 , 0 , 0 , 0 , 0 , 0 , 
588,org::apache::lucene::index::ByteSliceReader , 2 , 2 , 0 , 0 , 0 , 0 , 0 , 0 , 0 , 0 , 
589,org::apache::lucene::analysis::fr::ElisionFilter , 3 , 3 , 0 , 0 , 0 , 0 , 0 , 0 , 0 , 0 , 
590,org::apache::lucene::benchmark::quality::QualityQuery , 1 , 1 , 0 , 0 , 0 , 0 , 0 , 0 , 0 , 0 , 
591,org::apache::lucene::search::DuplicateFilter , 2 , 2 , 0 , 0 , 0 , 0 , 0 , 0 , 0 , 0 , 
592,org::apache::lucene::index::TermVectorAccessor , 1 , 1 , 0 , 0 , 0 , 0 , 0 , 0 , 0 , 0 , 
593,org::apache::lucene::index::IndexWriter , 81 , 81 , 0 , 0 , 0 , 9 , 0 , 0 , 0 , 0 , 
594,org::apache::lucene::demo::IndexFiles , 1 , 1 , 0 , 0 , 0 , 0 , 0 , 0 , 0 , 0 , 
595,org::apache::lucene::search::highlight::DefaultEncoder , 1 , 1 , 0 , 0 , 0 , 0 , 0 , 0 , 0 , 0 , 
596,org::apache::lucene::analysis::ISOLatin1AccentFilter , 0 , 0 , 0 , 0 , 0 , 0 , 0 , 0 , 0 , 0 , 
597,org::apache::lucene::search::highlight::WeightedSpanTermExtractor , 5 , 5 , 0 , 0 , 0 , 0 , 0 , 0 , 0 , 0 , 
598,org::apache::lucene::util::OpenBitSetDISI , 1 , 1 , 0 , 0 , 0 , 0 , 0 , 0 , 0 , 0 , 
599,org::apache::lucene::queryParser::surround::parser::ParseException , 0 , 0 , 0 , 0 , 0 , 0 , 0 , 0 , 0 , 0 , 
600,org::apache::lucene::analysis::shingle::ShingleMatrixFilter , 2 , 2 , 0 , 0 , 0 , 0 , 0 , 0 , 0 , 0 , 
601,org::apache::regexp::RegexpTunnel , 0 , 0 , 0 , 0 , 0 , 0 , 0 , 0 , 0 , 0 , 
602,org::apache::lucene::index::memory::SynonymMap , 1 , 1 , 0 , 0 , 0 , 0 , 0 , 0 , 0 , 0 , 
603,org::apache::lucene::search::spell::SuggestWordQueue , 0 , 0 , 0 , 0 , 0 , 0 , 0 , 0 , 0 , 0 , 
604,org::apache::lucene::xmlparser::builders::TermQueryBuilder , 1 , 1 , 0 , 0 , 0 , 0 , 0 , 0 , 0 , 0 , 
605,org::apache::lucene::benchmark::utils::ExtractWikipedia , 3 , 3 , 0 , 0 , 0 , 0 , 0 , 0 , 0 , 0 , 
606,org::tartarus::snowball::ext::ItalianStemmer , 1 , 1 , 0 , 0 , 0 , 0 , 0 , 0 , 0 , 0 , 
607,org::apache::lucene::analysis::query::QueryAutoStopWordAnalyzer , 2 , 2 , 0 , 0 , 0 , 0 , 0 , 0 , 0 , 0 , 
608,org::tartarus::snowball::ext::SwedishStemmer , 1 , 1 , 0 , 0 , 0 , 0 , 0 , 0 , 0 , 0 , 
609,org::apache::lucene::ant::IndexTask , 0 , 0 , 0 , 0 , 0 , 0 , 0 , 0 , 0 , 0 , 
610,org::apache::lucene::index::SegmentInfos , 21 , 21 , 0 , 0 , 0 , 4 , 0 , 0 , 0 , 0 , 
611,org::apache::lucene::search::ParallelMultiSearcher , 2 , 2 , 0 , 0 , 0 , 1 , 0 , 0 , 0 , 0 , 
612,org::apache::lucene::benchmark::byTask::tasks::CloseReaderTask , 1 , 1 , 0 , 0 , 0 , 0 , 0 , 0 , 0 , 0 , 
613,org::apache::lucene::index::SegmentTermDocs , 3 , 3 , 0 , 0 , 0 , 0 , 0 , 0 , 0 , 0 , 
614,org::apache::lucene::queryParser::MultiFieldQueryParser , 6 , 6 , 0 , 0 , 0 , 0 , 0 , 0 , 0 , 0 , 
615,org::apache::lucene::benchmark::AbstractBenchmarker , 0 , 0 , 0 , 0 , 0 , 0 , 0 , 0 , 0 , 0 , 
616,org::apache::lucene::queryParser::precedence::FastCharStream , 0 , 0 , 0 , 0 , 0 , 0 , 0 , 0 , 0 , 0 , 
617,org::apache::lucene::search::MultiTermQuery , 1 , 1 , 0 , 0 , 0 , 0 , 0 , 0 , 0 , 0 , 
618,org::apache::lucene::store::instantiated::InstantiatedIndexWriter , 3 , 3 , 0 , 0 , 0 , 1 , 0 , 0 , 0 , 0 , 
619,org::apache::lucene::search::BooleanClause , 1 , 1 , 0 , 0 , 0 , 0 , 0 , 0 , 0 , 0 , 
620,org::apache::lucene::search::QueryFilter , 2 , 2 , 0 , 0 , 0 , 0 , 0 , 0 , 0 , 0 , 
621,org::apache::lucene::analysis::Tokenizer , 4 , 4 , 0 , 0 , 0 , 0 , 0 , 0 , 0 , 0 , 
622,org::apache::lucene::store::RAMFile , 4 , 4 , 0 , 0 , 0 , 0 , 0 , 0 , 0 , 0 , 
623,org::apache::lucene::benchmark::byTask::feeds::ReutersDocMaker , 7 , 7 , 0 , 0 , 0 , 0 , 0 , 0 , 0 , 0 , 
624,org::apache::lucene::search::spell::SpellChecker , 0 , 0 , 0 , 0 , 0 , 0 , 0 , 0 , 0 , 0 , 
625,org::apache::lucene::benchmark::stats::TimeData , 1 , 1 , 0 , 0 , 0 , 0 , 0 , 0 , 0 , 0 , 
626,org::apache::lucene::search::payloads::PayloadSpanUtil , 2 , 2 , 0 , 0 , 0 , 0 , 0 , 0 , 0 , 0 , 
627,org::apache::lucene::search::spans::SpanQueue , 0 , 0 , 0 , 0 , 0 , 0 , 0 , 0 , 0 , 0 , 
628,org::apache::lucene::index::memory::MemoryIndex , 6 , 6 , 0 , 0 , 0 , 1 , 0 , 0 , 0 , 0 , 
629,org::apache::lucene::store::instantiated::InstantiatedDocument , 1 , 1 , 0 , 0 , 0 , 0 , 0 , 0 , 0 , 0 , 
630,org::apache::lucene::search::Sort , 3 , 3 , 0 , 0 , 0 , 1 , 0 , 0 , 0 , 0 , 
631,org::apache::lucene::index::Payload , 5 , 5 , 0 , 0 , 0 , 0 , 0 , 0 , 0 , 0 , 
632,org::apache::lucene::benchmark::byTask::tasks::SearchTravTask , 1 , 1 , 0 , 0 , 0 , 0 , 0 , 0 , 0 , 0 , 
633,org::apache::lucene::analysis::compound::hyphenation::TernaryTree , 1 , 1 , 0 , 0 , 0 , 0 , 0 , 0 , 0 , 0 , 
634,org::apache::lucene::analysis::ru::RussianAnalyzer , 0 , 0 , 0 , 0 , 0 , 0 , 0 , 0 , 0 , 0 , 
635,org::apache::lucene::analysis::LowerCaseTokenizer , 0 , 0 , 0 , 0 , 0 , 0 , 0 , 0 , 0 , 0 , 
636,org::apache::lucene::search::highlight::QueryTermExtractor , 0 , 0 , 0 , 0 , 0 , 0 , 0 , 0 , 0 , 0 , 
637,org::tartarus::snowball::ext::HungarianStemmer , 1 , 1 , 0 , 0 , 0 , 0 , 0 , 0 , 0 , 0 , 
638,org::apache::lucene::search::highlight::SimpleHTMLEncoder , 1 , 1 , 0 , 0 , 0 , 0 , 0 , 0 , 0 , 0 , 
639,org::apache::lucene::search::PrefixQuery , 2 , 2 , 0 , 0 , 0 , 0 , 0 , 0 , 0 , 0 , 
640,org::apache::lucene::analysis::standard::StandardAnalyzer , 6 , 6 , 0 , 0 , 0 , 0 , 0 , 0 , 0 , 0 , 
641,org::apache::lucene::document::FieldSelectorResult , 2 , 2 , 0 , 0 , 0 , 0 , 0 , 0 , 0 , 0 , 
642,org::apache::lucene::search::TopFieldDocs , 2 , 2 , 0 , 0 , 0 , 0 , 0 , 0 , 0 , 0 , 
643,org::apache::lucene::index::BufferedDeletes , 1 , 1 , 0 , 0 , 0 , 0 , 0 , 0 , 0 , 0 , 
644,org::apache::lucene::index::IntBlockPool , 1 , 1 , 0 , 0 , 0 , 0 , 0 , 0 , 0 , 0 , 
645,org::apache::lucene::analysis::ar::ArabicLetterTokenizer , 0 , 0 , 0 , 0 , 0 , 0 , 0 , 0 , 0 , 0 , 
646,org::apache::lucene::search::SampleComparable , 0 , 0 , 0 , 0 , 0 , 0 , 0 , 0 , 0 , 0 , 
647,org::apache::lucene::search::Searcher , 6 , 6 , 0 , 0 , 0 , 0 , 0 , 0 , 0 , 0 , 
648,org::apache::lucene::index::InvertedDocEndConsumerPerThread , 1 , 1 , 0 , 0 , 0 , 0 , 0 , 0 , 0 , 0 , 
649,org::apache::lucene::analysis::LengthFilter , 0 , 0 , 0 , 0 , 0 , 0 , 0 , 0 , 0 , 0 , 
650,org::apache::lucene::search::PhraseQueue , 2 , 2 , 0 , 0 , 0 , 0 , 0 , 0 , 0 , 0 , 
651,org::apache::lucene::index::GCJTermDocs , 0 , 0 , 0 , 0 , 0 , 0 , 0 , 0 , 0 , 0 , 
652,org::apache::lucene::search::regex::JakartaRegexpCapabilities , 0 , 0 , 0 , 0 , 0 , 0 , 0 , 0 , 0 , 0 , 
653,org::apache::lucene::xmlparser::DOMUtils , 1 , 1 , 0 , 0 , 0 , 0 , 0 , 0 , 0 , 0 , 
654,org::apache::lucene::util::cache::SimpleMapCache , 1 , 1 , 0 , 0 , 0 , 0 , 0 , 0 , 0 , 0 , 
655,org::apache::lucene::analysis::de::GermanAnalyzer , 0 , 0 , 0 , 0 , 0 , 0 , 0 , 0 , 0 , 0 , 
656,org::apache::lucene::xmlparser::FilterBuilderFactory , 1 , 1 , 0 , 0 , 0 , 0 , 0 , 0 , 0 , 0 , 
657,org::apache::lucene::benchmark::byTask::tasks::RepSumByNameRoundTask , 1 , 1 , 0 , 0 , 0 , 0 , 0 , 0 , 0 , 0 , 
658,org::apache::lucene::benchmark::byTask::tasks::RepSumByPrefRoundTask , 1 , 1 , 0 , 0 , 0 , 0 , 0 , 0 , 0 , 0 , 
659,org::apache::lucene::index::DefaultSkipListWriter , 2 , 2 , 0 , 0 , 0 , 0 , 0 , 0 , 0 , 0 , 
660,org::apache::lucene::index::SegmentMergeQueue , 0 , 0 , 0 , 0 , 0 , 0 , 0 , 0 , 0 , 0 , 
661,org::apache::lucene::search::highlight::WeightedSpanTerm , 1 , 1 , 0 , 0 , 0 , 0 , 0 , 0 , 0 , 0 , 
662,org::apache::lucene::index::TermsHash , 2 , 2 , 0 , 0 , 0 , 0 , 0 , 0 , 0 , 0 , 
663,org::apache::lucene::benchmark::byTask::feeds::SortableSimpleDocMaker , 1 , 1 , 0 , 0 , 0 , 0 , 0 , 0 , 0 , 0 , 
664,org::apache::lucene::analysis::KeywordAnalyzer , 0 , 0 , 0 , 0 , 0 , 0 , 0 , 0 , 0 , 0 , 
665,org::apache::lucene::xmlparser::builders::CachedFilterBuilder , 2 , 2 , 0 , 0 , 0 , 0 , 0 , 0 , 0 , 0 , 
666,org::apache::lucene::search::highlight::TextFragment , 0 , 0 , 0 , 0 , 0 , 0 , 0 , 0 , 0 , 0 , 
667,org::apache::lucene::benchmark::byTask::stats::TaskStats , 1 , 1 , 0 , 0 , 0 , 0 , 0 , 0 , 0 , 0 , 
668,org::apache::lucene::search::ScoreDoc , 0 , 0 , 0 , 0 , 0 , 0 , 0 , 0 , 0 , 0 , 
669,org::apache::lucene::search::ReqExclScorer , 0 , 0 , 0 , 0 , 0 , 0 , 0 , 0 , 0 , 0 , 
670,org::apache::lucene::queryParser::precedence::Token , 0 , 0 , 0 , 0 , 0 , 0 , 0 , 0 , 0 , 0 , 
671,org::apache::lucene::index::TermInfosWriter , 5 , 5 , 0 , 0 , 0 , 0 , 0 , 0 , 0 , 0 , 
672,org::apache::lucene::search::function::ReverseOrdFieldSource , 3 , 3 , 0 , 0 , 0 , 0 , 0 , 0 , 0 , 0 , 
673,org::apache::lucene::benchmark::byTask::tasks::CreateIndexTask , 8 , 8 , 0 , 0 , 0 , 0 , 0 , 0 , 0 , 0 , 
674,org::apache::lucene::search::highlight::NullFragmenter , 0 , 0 , 0 , 0 , 0 , 0 , 0 , 0 , 0 , 0 , 
675,org::apache::lucene::benchmark::byTask::tasks::ClearStatsTask , 1 , 1 , 0 , 0 , 0 , 0 , 0 , 0 , 0 , 0 , 
676,org::apache::lucene::queryParser::QueryParserTokenManager , 9 , 9 , 0 , 0 , 0 , 0 , 0 , 0 , 0 , 0 , 
677,org::apache::lucene::analysis::ru::RussianCharsets , 0 , 0 , 0 , 0 , 0 , 0 , 0 , 0 , 0 , 0 , 
678,org::apache::lucene::search::highlight::WeightedTerm , 0 , 0 , 0 , 0 , 0 , 0 , 0 , 0 , 0 , 0 , 
679,org::apache::lucene::queryParser::QueryParser , 18 , 18 , 0 , 0 , 0 , 1 , 0 , 0 , 0 , 0 , 
680,org::apache::lucene::store::RAMOutputStream , 11 , 11 , 0 , 0 , 0 , 0 , 0 , 0 , 0 , 0 , 
681,org::apache::lucene::store::RAMInputStream , 7 , 7 , 0 , 0 , 0 , 0 , 0 , 0 , 0 , 0 , 
682,org::apache::lucene::search::PhrasePositions , 2 , 2 , 0 , 0 , 0 , 0 , 0 , 0 , 0 , 0 , 
683,org::apache::lucene::analysis::miscellaneous::PrefixAndSuffixAwareTokenFilter , 2 , 2 , 0 , 0 , 0 , 0 , 0 , 0 , 0 , 0 , 
684,org::apache::lucene::analysis::br::BrazilianStemmer , 0 , 0 , 0 , 0 , 0 , 0 , 0 , 0 , 0 , 0 , 
685,org::apache::lucene::search::SloppyPhraseScorer , 3 , 3 , 0 , 0 , 0 , 0 , 0 , 0 , 0 , 0 , 
686,org::apache::lucene::benchmark::quality::QualityStats , 2 , 2 , 0 , 0 , 0 , 0 , 0 , 0 , 0 , 0 , 
687,org::apache::lucene::index::DocFieldConsumers , 1 , 1 , 0 , 0 , 0 , 0 , 0 , 0 , 0 , 0 , 
688,org::apache::lucene::index::SegmentTermPositionVector , 1 , 1 , 0 , 0 , 0 , 0 , 0 , 0 , 0 , 0 , 
689,org::apache::lucene::store::je::JEIndexInput , 1 , 1 , 0 , 0 , 0 , 0 , 0 , 0 , 0 , 0 , 
690,org::apache::lucene::search::CachingSpanFilter , 2 , 2 , 0 , 0 , 0 , 0 , 0 , 0 , 0 , 0 , 
