,Unnamed: 0,classname,numberOfVersionsUntil,numberOfFixesUntil,numberOfRefactoringsUntil,numberOfAuthorsUntil,linesAddedUntil,maxLinesAddedUntil,avgLinesAddedUntil,linesRemovedUntil,maxLinesRemovedUntil,avgLinesRemovedUntil,codeChurnUntil,maxCodeChurnUntil,avgCodeChurnUntil,ageWithRespectTo,weightedAgeWithRespectTo,bugs,nonTrivialBugs,majorBugs,criticalBugs,highPriorityBugs,Unnamed: 22
0,2,org::eclipse::jdt::internal::compiler::ast::ASTNode ,120,10,0,12,1361.0,99.0,11.3417,768.0,77.0,6.4,593.0,66.0,4.941669999999999,238.429,104.204,1,0,0,0,0, 
1,16,org::eclipse::jdt::internal::compiler::ast::TypeDeclaration ,193,30,0,12,6571.0,1071.0,34.0466,6072.0,1123.0,31.4611,499.0,174.0,2.58549,367.0,111.711,3,0,0,0,0, 
2,19,org::eclipse::jdt::core::search::SearchPattern ,91,8,0,9,6880.0,1627.0,75.6044,5271.0,1359.0,57.9231,1609.0,583.0,17.6813,236.0,96.0161,1,0,0,0,0, 
3,22,org::eclipse::jdt::internal::core::BinaryMember ,43,6,0,6,409.0,105.0,9.51163,317.0,110.0,7.372089999999999,92.0,79.0,2.1395299999999997,367.0,133.861,1,0,0,0,0, 
4,23,org::eclipse::jdt::internal::compiler::ast::MessageSend ,168,12,0,10,2126.0,307.0,12.6548,1719.0,307.0,10.2321,407.0,63.0,2.42262,367.0,129.876,4,0,0,0,0, 
5,25,org::eclipse::jdt::internal::compiler::parser::JavadocParser ,92,12,0,9,2972.0,319.0,32.3043,3264.0,892.0,35.4783,-292.0,168.0,-3.17391,239.143,49.4217,3,0,0,0,0, 
6,26,org::eclipse::jdt::internal::eval::CodeSnippetSingleNameReference ,76,10,0,7,1763.0,600.0,23.1974,1852.0,600.0,24.3684,-89.0,43.0,-1.17105,367.0,81.0014,2,0,0,0,0, 
7,34,org::eclipse::jdt::internal::core::search::matching::SuperTypeReferencePattern ,82,7,0,8,2577.0,325.0,31.4268,2733.0,325.0,33.3293,-156.0,81.0,-1.9024400000000001,367.0,77.5985,1,0,0,0,0, 
8,38,org::eclipse::jdt::internal::compiler::lookup::MethodScope ,89,9,0,9,2001.0,399.0,22.4831,1889.0,399.0,21.2247,112.0,117.0,1.25843,367.0,118.103,1,1,0,0,0, 
9,39,org::eclipse::jdt::internal::compiler::CompilationResult ,81,18,0,9,1835.0,349.0,22.6543,1569.0,379.0,19.3704,266.0,79.0,3.28395,367.0,130.299,1,0,0,0,0, 
10,50,org::eclipse::jdt::internal::compiler::lookup::SourceTypeBinding ,224,16,0,12,6579.0,1041.0,29.3705,5717.0,1041.0,25.5223,862.0,146.0,3.84821,367.0,115.991,6,0,1,0,0, 
11,56,org::eclipse::jdt::internal::core::search::matching::AndPattern ,50,6,0,8,574.0,115.0,11.48,707.0,115.0,14.14,-133.0,14.0,-2.66,367.0,119.90700000000001,1,0,0,0,0, 
12,58,org::eclipse::jdt::internal::core::search::matching::OrPattern ,60,3,0,7,986.0,170.0,16.4333,1102.0,170.0,18.3667,-116.0,35.0,-1.93333,367.0,74.1623,1,0,0,0,0, 
13,66,org::eclipse::jdt::internal::compiler::ast::ForeachStatement ,84,31,0,8,2092.0,395.0,24.9048,1163.0,62.0,13.8452,929.0,395.0,11.0595,223.429,46.9666,2,0,0,0,0, 
14,68,org::eclipse::jdt::internal::eval::CodeSnippetClassFile ,61,13,0,8,667.0,241.0,10.9344,705.0,241.0,11.5574,-38.0,5.0,-0.622951,367.0,79.6989,1,0,0,0,0, 
15,73,org::eclipse::jdt::internal::core::builder::ReferenceCollection ,28,6,0,7,407.0,225.0,14.5357,365.0,225.0,13.0357,42.0,32.0,1.5,329.0,74.1846,1,0,0,0,0, 
16,74,org::eclipse::jdt::internal::compiler::ast::InstanceOfExpression ,74,8,0,8,1181.0,247.0,15.9595,1310.0,247.0,17.7027,-129.0,33.0,-1.7432400000000001,367.0,74.9741,1,0,0,0,0, 
17,84,org::eclipse::jdt::internal::core::InternalNamingConventions ,24,7,0,7,267.0,108.0,11.125,124.0,44.0,5.16667,143.0,64.0,5.95833,278.57099999999997,145.97299999999998,2,0,0,0,0, 
18,92,org::eclipse::jdt::internal::core::search::matching::SuperTypeReferenceLocator ,22,4,0,8,105.0,23.0,4.77273,66.0,23.0,3.0,39.0,19.0,1.77273,248.571,69.2898,1,0,0,0,0, 
19,95,org::eclipse::jdt::internal::core::util::CommentRecorderScanner ,8,4,0,4,12.0,4.0,1.5,10.0,4.0,1.25,2.0,1.0,0.25,228.143,40.2857,1,0,0,0,0, 
20,105,org::eclipse::jdt::internal::core::search::matching::PackageDeclarationPattern ,49,4,0,7,497.0,97.0,10.1429,583.0,97.0,11.898,-86.0,19.0,-1.7551,367.0,51.8896,1,0,0,0,0, 
21,112,org::eclipse::jdt::core::CompletionContext ,18,4,0,4,599.0,151.0,33.2778,51.0,24.0,2.83333,548.0,151.0,30.4444,169.857,73.1803,1,0,0,0,0, 
22,126,org::eclipse::jdt::internal::core::search::matching::MethodLocator ,107,10,0,9,1707.0,139.0,15.9533,863.0,70.0,8.06542,844.0,119.0,7.88785,248.571,94.0384,3,0,0,0,0, 
23,130,org::eclipse::jdt::internal::core::CopyPackageFragmentRootOperation ,35,7,0,7,215.0,50.0,6.14286,148.0,46.0,4.2285699999999995,67.0,41.0,1.91429,281.143,35.0671,1,0,0,0,0, 
24,132,org::eclipse::jdt::internal::core::ProjectReferenceChange ,8,2,0,2,132.0,62.0,16.5,104.0,50.0,13.0,28.0,12.0,3.5,105.0,81.7056,1,0,0,0,0, 
25,133,org::eclipse::jdt::internal::compiler::ast::QualifiedSuperReference ,38,6,0,5,239.0,58.0,6.28947,226.0,58.0,5.947369999999999,13.0,9.0,0.342105,367.0,67.2791,1,0,0,0,0, 
26,135,org::eclipse::jdt::internal::core::search::matching::MemberDeclarationVisitor ,1,0,0,1,0.0,0.0,0.0,0.0,0.0,0.0,0.0,0.0,0.0,12.2857,0.0,0,0,0,0,0, 
27,141,org::eclipse::jdt::internal::core::SearchableEnvironment ,90,8,0,8,4337.0,329.0,48.1889,4198.0,329.0,46.6444,139.0,101.0,1.54444,367.0,36.5847,1,0,0,0,0, 
28,152,org::eclipse::jdt::internal::compiler::util::Util ,87,19,0,7,3123.0,378.0,35.8966,2127.0,378.0,24.4483,996.0,216.0,11.4483,363.85699999999997,109.912,1,0,0,0,0, 
29,154,org::eclipse::jdt::internal::core::LocalVariable ,35,4,0,8,219.0,110.0,6.25714,49.0,7.0,1.4,170.0,106.0,4.85714,243.857,141.279,1,0,0,0,0, 
30,155,org::eclipse::jdt::internal::compiler::ast::MethodDeclaration ,84,8,0,6,857.0,102.0,10.2024,680.0,102.0,8.095239999999999,177.0,59.0,2.1071400000000002,367.0,122.82799999999999,2,0,0,0,0, 
31,162,org::eclipse::jdt::internal::core::search::matching::MatchLocator ,381,27,0,9,19905.0,1343.0,52.2441,16702.0,1343.0,43.8373,3203.0,240.0,8.40682,367.0,76.8359,5,0,1,0,0, 
32,163,org::eclipse::jdt::internal::compiler::ast::ExplicitConstructorCall ,85,9,0,8,2035.0,315.0,23.9412,1862.0,315.0,21.9059,173.0,55.0,2.0352900000000003,367.0,80.5213,1,0,0,0,0, 
33,170,org::eclipse::jdt::internal::compiler::batch::Main ,397,96,1,10,22934.0,2078.0,57.7683,19199.0,2001.0,48.3602,3735.0,630.0,9.40806,367.0,176.29,2,0,0,0,0, 
34,175,org::eclipse::jdt::internal::core::JavaModel ,112,11,0,7,1709.0,500.0,15.2589,1953.0,593.0,17.4375,-244.0,44.0,-2.17857,367.0,61.1051,1,1,0,0,0, 
35,176,org::eclipse::jdt::internal::compiler::lookup::FieldBinding ,71,5,0,10,979.0,202.0,13.7887,716.0,210.0,10.0845,263.0,50.0,3.7042300000000004,367.0,132.269,3,0,0,0,0, 
36,182,org::eclipse::jdt::core::search::MethodReferenceMatch ,35,6,0,5,386.0,100.0,11.0286,214.0,100.0,6.1142900000000004,172.0,37.0,4.91429,227.571,92.5426,1,0,0,0,0, 
37,183,org::eclipse::jdt::internal::eval::CodeSnippetQualifiedNameReference ,73,9,0,7,2135.0,604.0,29.2466,2223.0,604.0,30.4521,-88.0,22.0,-1.2054799999999999,367.0,73.4238,2,0,1,0,0, 
38,188,org::eclipse::jdt::internal::core::BinaryType ,183,30,0,9,2680.0,542.0,14.6448,1779.0,542.0,9.72131,901.0,84.0,4.9235,367.0,108.119,1,0,0,0,0, 
39,191,org::eclipse::jdt::core::util::ByteCodeVisitorAdapter ,11,4,0,3,234.0,205.0,21.2727,29.0,9.0,2.63636,205.0,205.0,18.6364,322.714,69.5672,1,0,0,0,0, 
40,193,org::eclipse::jdt::internal::compiler::Compiler ,140,26,1,10,7441.0,594.0,53.15,6989.0,594.0,49.9214,452.0,111.0,3.22857,367.0,55.6267,1,0,0,0,0, 
41,194,org::eclipse::jdt::internal::compiler::flow::FlowContext ,72,4,0,7,3216.0,448.0,44.6667,3112.0,448.0,43.2222,104.0,52.0,1.44444,367.0,109.796,2,0,0,0,0, 
42,207,org::eclipse::jdt::internal::codeassist::InternalCompletionContext ,13,3,0,3,130.0,45.0,10.0,21.0,14.0,1.61538,109.0,31.0,8.38461,169.857,89.5549,1,0,0,0,0, 
43,209,org::eclipse::jdt::core::dom::CharacterLiteral ,49,13,0,8,785.0,308.0,16.0204,525.0,308.0,10.7143,260.0,61.0,5.30612,333.14300000000003,67.7934,1,1,0,0,0, 
44,212,org::eclipse::jdt::internal::core::search::BasicSearchEngine ,65,9,0,5,1612.0,232.0,24.8,1119.0,217.0,17.2154,493.0,231.0,7.5846100000000005,178.143,49.9435,1,0,1,0,0, 
45,217,org::eclipse::jdt::internal::compiler::ast::SingleNameReference ,150,10,0,10,4705.0,765.0,31.3667,4440.0,746.0,29.6,265.0,43.0,1.76667,367.0,155.141,6,0,1,0,0, 
46,224,org::eclipse::jdt::internal::core::search::matching::DeclarationOfReferencedTypesPattern ,33,8,0,7,276.0,150.0,8.36364,364.0,150.0,11.0303,-88.0,15.0,-2.66667,343.0,44.9234,1,0,0,0,0, 
47,229,org::eclipse::jdt::core::dom::ASTParser ,106,35,0,11,4597.0,1604.0,43.3679,2447.0,849.0,23.0849,2150.0,1604.0,20.283,225.28599999999997,17.0975,1,0,0,0,0, 
48,234,org::eclipse::jdt::internal::core::search::indexing::SourceIndexer ,58,6,0,10,317.0,78.0,5.46552,334.0,78.0,5.75862,-17.0,10.0,-0.293103,367.0,92.6327,1,0,0,0,0, 
49,238,org::eclipse::jdt::internal::formatter::FormatterCommentParser ,13,4,0,1,337.0,78.0,25.9231,167.0,45.0,12.8462,170.0,50.0,13.0769,9.14286,1.9978799999999999,5,0,0,0,0, 
50,240,org::eclipse::jdt::internal::compiler::lookup::BlockScope ,143,8,0,10,7111.0,1444.0,49.7273,7724.0,1444.0,54.013999999999996,-613.0,217.0,-4.28671,367.0,74.1449,1,0,0,0,0, 
51,241,org::eclipse::jdt::internal::compiler::lookup::LookupEnvironment ,156,12,0,11,3401.0,580.0,21.8013,2342.0,588.0,15.0128,1059.0,222.0,6.788460000000001,367.0,152.001,3,0,1,0,0, 
52,246,org::eclipse::jdt::internal::core::CopyResourceElementsOperation ,131,20,0,7,2700.0,580.0,20.6107,2515.0,580.0,19.1985,185.0,42.0,1.41221,367.0,79.1748,1,0,0,0,0, 
53,251,org::eclipse::jdt::internal::compiler::lookup::PackageBinding ,59,7,0,9,588.0,205.0,9.9661,594.0,205.0,10.0678,-6.0,21.0,-0.10169500000000001,367.0,79.0481,4,0,3,1,0, 
54,258,org::eclipse::jdt::core::formatter::DefaultCodeFormatterConstants ,119,55,0,9,8425.0,2042.0,70.7983,2635.0,594.0,22.1429,5790.0,2013.0,48.6555,246.571,30.3109,2,1,0,0,0, 
55,263,org::eclipse::jdt::internal::codeassist::complete::CompletionParser ,244,19,0,8,10254.0,1386.0,42.0246,5777.0,1386.0,23.6762,4477.0,564.0,18.3484,367.0,132.341,1,0,0,0,0, 
56,286,org::eclipse::jdt::internal::core::search::matching::MatchLocatorParser ,109,15,0,8,2519.0,442.0,23.1101,1822.0,290.0,16.7156,697.0,213.0,6.3945,367.0,155.613,0,0,0,0,0, 
57,289,org::eclipse::jdt::internal::compiler::lookup::UpdatedMethodBinding ,7,3,0,5,11.0,4.0,1.5714299999999999,8.0,4.0,1.14286,3.0,3.0,0.428571,264.857,94.5714,1,0,0,0,0, 
58,293,org::eclipse::jdt::internal::core::PackageFragmentRoot ,157,13,0,8,2349.0,392.0,14.9618,1852.0,392.0,11.7962,497.0,295.0,3.16561,367.0,94.4644,1,0,0,0,0, 
59,294,org::eclipse::jdt::core::util::CompilationUnitSorter ,45,17,0,8,1126.0,157.0,25.0222,729.0,306.0,16.2,397.0,148.0,8.82222,281.714,67.46,0,0,0,0,0, 
60,295,org::eclipse::jdt::internal::compiler::ast::Annotation ,78,15,1,7,1262.0,219.0,16.1795,1014.0,246.0,13.0,248.0,205.0,3.17949,255.71400000000003,64.8228,1,0,0,0,0, 
61,296,org::eclipse::jdt::internal::compiler::ast::JavadocFieldReference ,44,10,0,7,244.0,31.0,5.54545,174.0,21.0,3.95455,70.0,17.0,1.59091,239.143,57.1985,1,0,0,0,0, 
62,300,org::eclipse::jdt::internal::compiler::ClassFile ,226,71,0,10,50221.0,3693.0,222.217,44127.0,2958.0,195.252,6094.0,2050.0,26.9646,367.0,91.0942,6,1,1,0,0, 
63,301,org::eclipse::jdt::internal::core::ClasspathChange ,15,2,0,2,120.0,27.0,8.0,48.0,20.0,3.2,72.0,26.0,4.8,105.0,60.5952,1,0,0,0,0, 
64,303,org::eclipse::jdt::core::Signature ,127,24,0,10,8666.0,1365.0,68.2362,5536.0,1365.0,43.5905,3130.0,546.0,24.6457,367.0,112.494,1,0,0,0,0, 
65,310,org::eclipse::jdt::internal::compiler::parser::Scanner ,239,59,0,10,14272.0,3055.0,59.7155,13174.0,3055.0,55.1213,1098.0,269.0,4.59414,367.0,80.6008,1,0,0,0,0, 
66,313,org::eclipse::jdt::internal::core::search::matching::DeclarationOfReferencedMethodsPattern ,31,8,0,7,212.0,105.0,6.838710000000001,280.0,105.0,9.03226,-68.0,8.0,-2.19355,343.0,54.0222,1,0,0,0,0, 
67,317,org::eclipse::jdt::internal::compiler::ast::CompilationUnitDeclaration ,97,23,0,8,1990.0,289.0,20.5155,1403.0,289.0,14.4639,587.0,140.0,6.05155,367.0,139.257,2,0,0,0,0, 
68,324,org::eclipse::jdt::internal::core::search::IndexSelector ,55,6,0,8,988.0,192.0,17.9636,975.0,192.0,17.7273,13.0,50.0,0.236364,367.0,112.65,1,0,1,0,0, 
69,327,org::eclipse::jdt::core::search::FieldReferenceMatch ,27,5,0,6,257.0,45.0,9.51852,114.0,44.0,4.22222,143.0,31.0,5.2963,227.571,46.5097,1,0,0,0,0, 
70,328,org::eclipse::jdt::core::search::SearchDocument ,22,4,0,5,268.0,61.0,12.1818,99.0,30.0,4.5,169.0,31.0,7.68182,236.0,17.9238,1,0,0,0,0, 
71,330,org::eclipse::jdt::internal::core::util::DefaultBytecodeVisitor ,56,17,0,7,3556.0,587.0,63.5,4880.0,1041.0,87.1429,-1324.0,307.0,-23.6429,322.714,115.126,2,0,0,0,0, 
72,332,org::eclipse::jdt::internal::core::search::matching::InternalReferenceMatch ,1,0,0,1,0.0,0.0,0.0,0.0,0.0,0.0,0.0,0.0,0.0,12.2857,0.0,1,0,0,0,0, 
73,355,org::eclipse::jdt::internal::core::search::matching::PatternLocator ,92,6,0,9,1830.0,206.0,19.8913,982.0,146.0,10.6739,848.0,205.0,9.21739,248.571,85.3527,1,0,0,0,0, 
74,356,org::eclipse::jdt::internal::codeassist::impl::Engine ,75,7,0,7,2054.0,181.0,27.3867,1763.0,181.0,23.5067,291.0,112.0,3.88,367.0,72.6069,1,0,0,0,0, 
75,358,org::eclipse::jdt::core::dom::ASTConverter ,318,166,0,10,17380.0,3852.0,54.6541,12236.0,2861.0,38.478,5144.0,1378.0,16.1761,333.14300000000003,97.7421,1,1,0,0,0, 
76,359,org::eclipse::jdt::internal::compiler::ast::QualifiedAllocationExpression ,115,16,0,11,2006.0,339.0,17.4435,1814.0,339.0,15.7739,192.0,68.0,1.66957,367.0,110.40100000000001,1,0,0,0,0, 
77,361,org::eclipse::jdt::internal::core::search::JavaSearchScope ,90,7,0,9,2269.0,335.0,25.2111,1645.0,335.0,18.2778,624.0,96.0,6.933330000000001,367.0,143.248,1,0,1,0,0, 
78,366,org::eclipse::jdt::internal::compiler::ast::Javadoc ,80,11,0,6,1712.0,152.0,21.4,853.0,113.0,10.6625,859.0,105.0,10.7375,239.143,65.9057,3,0,0,0,0, 
79,367,org::eclipse::jdt::core::dom::TypeBinding ,166,72,0,11,4331.0,668.0,26.0904,2972.0,616.0,17.9036,1359.0,119.0,8.18675,333.14300000000003,147.972,1,0,0,0,0, 
80,370,org::eclipse::jdt::internal::core::builder::AdditionalTypeCollection ,9,4,0,4,44.0,22.0,4.88889,39.0,22.0,4.33333,5.0,5.0,0.555556,329.0,44.6526,1,0,0,0,0, 
81,378,org::eclipse::jdt::internal::core::BinaryMethod ,121,27,0,9,1943.0,305.0,16.0579,1245.0,305.0,10.2893,698.0,150.0,5.7685900000000006,367.0,146.939,1,0,0,0,0, 
82,394,org::eclipse::jdt::internal::core::builder::IncrementalImageBuilder ,124,10,0,9,2029.0,568.0,16.3629,1496.0,568.0,12.0645,533.0,51.0,4.29839,329.0,99.3253,1,0,0,0,0, 
83,404,org::eclipse::jdt::internal::core::search::matching::ClassFileMatchLocator ,56,9,0,8,657.0,141.0,11.7321,398.0,53.0,7.107139999999999,259.0,140.0,4.625,250.0,147.079,1,0,0,0,0, 
84,415,org::eclipse::jdt::internal::compiler::ast::ConstructorDeclaration ,123,13,0,9,2597.0,393.0,21.1138,2389.0,393.0,19.4228,208.0,66.0,1.6910599999999998,367.0,130.377,3,0,1,1,0, 
85,417,org::eclipse::jdt::core::CorrectionEngine ,60,8,0,10,979.0,413.0,16.3167,808.0,413.0,13.4667,171.0,39.0,2.85,333.0,66.5053,1,0,0,0,0, 
86,418,org::eclipse::jdt::internal::core::search::matching::VariableLocator ,12,4,0,6,71.0,49.0,5.91667,69.0,54.0,5.75,2.0,7.0,0.166667,243.0,46.3501,1,0,0,0,0, 
87,421,org::eclipse::jdt::internal::compiler::ast::SwitchStatement ,95,11,0,8,2048.0,311.0,21.5579,1923.0,311.0,20.2421,125.0,28.0,1.31579,367.0,88.3375,1,0,0,0,0, 
88,422,org::eclipse::jdt::internal::core::search::indexing::InternalSearchDocument ,14,2,0,6,51.0,12.0,3.6428599999999998,26.0,11.0,1.8571400000000002,25.0,11.0,1.78571,216.571,75.3782,1,0,0,0,0, 
89,430,org::eclipse::jdt::internal::compiler::lookup::TypeBinding ,144,9,0,10,3312.0,537.0,23.0,1949.0,361.0,13.5347,1363.0,176.0,9.46528,367.0,227.62599999999998,3,0,0,0,0, 
90,433,org::eclipse::jdt::internal::core::search::matching::TypeReferencePattern ,100,5,0,7,4966.0,645.0,49.66,5428.0,645.0,54.28,-462.0,55.0,-4.62,367.0,46.5549,1,0,0,0,0, 
91,438,org::eclipse::jdt::internal::eval::CodeSnippetAllocationExpression ,56,7,0,8,647.0,174.0,11.5536,567.0,174.0,10.125,80.0,30.0,1.4285700000000001,367.0,86.2279,1,0,0,0,0, 
92,449,org::eclipse::jdt::internal::core::dom::rewrite::ASTRewriteAnalyzer ,68,11,0,9,2381.0,402.0,35.0147,1288.0,141.0,18.9412,1093.0,361.0,16.0735,220.143,35.9899,2,0,0,0,0, 
93,450,org::eclipse::jdt::internal::compiler::ast::ReturnStatement ,84,9,0,7,1444.0,249.0,17.1905,1425.0,249.0,16.9643,19.0,15.0,0.22619,367.0,110.897,1,0,0,0,0, 
94,457,org::eclipse::jdt::internal::core::NameLookup ,144,10,0,9,3524.0,763.0,24.4722,2994.0,763.0,20.7917,530.0,86.0,3.68056,367.0,134.697,0,0,0,0,0, 
95,458,org::eclipse::jdt::internal::codeassist::complete::CompletionOnJavadocTag ,6,3,0,2,58.0,22.0,9.66667,21.0,14.0,3.5,37.0,17.0,6.16667,140.143,27.7192,1,1,0,0,0, 
96,460,org::eclipse::jdt::internal::compiler::ast::ParameterizedQualifiedTypeReference ,85,13,0,9,1168.0,274.0,13.7412,526.0,106.0,6.18824,642.0,274.0,7.5529399999999995,240.857,56.7549,1,0,0,0,0, 
97,467,org::eclipse::jdt::internal::core::ClasspathEntry ,128,12,0,9,5536.0,1358.0,43.25,3522.0,1358.0,27.5156,2014.0,449.0,15.7344,367.0,164.919,4,0,1,1,0, 
98,469,org::eclipse::jdt::internal::core::search::matching::PackageReferencePattern ,83,8,0,7,2960.0,450.0,35.6627,3359.0,450.0,40.4699,-399.0,58.0,-4.807230000000001,367.0,36.1602,1,0,0,0,0, 
99,470,org::eclipse::jdt::internal::core::JavaProjectElementInfo ,69,9,0,7,1470.0,235.0,21.3043,1179.0,235.0,17.087,291.0,62.0,4.21739,367.0,131.24200000000002,1,0,0,0,0, 
100,483,org::eclipse::jdt::internal::core::CompilationUnitStructureRequestor ,94,6,0,8,2095.0,542.0,22.2872,2143.0,579.0,22.7979,-48.0,124.0,-0.510638,367.0,102.38600000000001,1,0,0,0,0, 
101,485,org::eclipse::jdt::internal::core::builder::BatchImageBuilder ,94,5,0,9,1177.0,151.0,12.5213,992.0,151.0,10.5532,185.0,87.0,1.9680900000000001,329.0,108.524,1,0,0,0,0, 
102,486,org::eclipse::jdt::internal::compiler::parser::AbstractCommentParser ,105,17,0,9,3845.0,308.0,36.619,2468.0,312.0,23.5048,1377.0,167.0,13.1143,230.143,50.3423,7,0,0,0,2, 
103,488,org::eclipse::jdt::internal::core::index::Index ,46,5,0,8,748.0,166.0,16.2609,386.0,43.0,8.3913,362.0,129.0,7.869560000000001,234.571,30.6146,1,0,0,0,0, 
104,491,org::eclipse::jdt::internal::core::util::Disassembler ,132,50,0,7,6668.0,923.0,50.5151,4784.0,808.0,36.2424,1884.0,433.0,14.2727,322.714,132.977,1,0,0,0,0, 
105,496,org::eclipse::jdt::internal::core::JavaProject ,469,31,0,12,14901.0,2162.0,31.7719,12570.0,2162.0,26.8017,2331.0,334.0,4.97015,367.0,90.5064,4,0,0,0,0, 
106,497,org::eclipse::jdt::internal::compiler::flow::ExceptionHandlingFlowContext ,56,3,0,7,1017.0,186.0,18.1607,918.0,186.0,16.3929,99.0,37.0,1.7678599999999998,367.0,92.2651,2,0,0,0,0, 
107,498,org::eclipse::jdt::internal::core::search::matching::TypeReferenceLocator ,84,7,0,9,1376.0,249.0,16.381,989.0,200.0,11.7738,387.0,237.0,4.60714,248.571,63.8602,2,0,0,0,0, 
108,504,org::eclipse::jdt::internal::core::search::matching::TypeParameterLocator ,2,1,0,2,5.0,5.0,2.5,5.0,5.0,2.5,0.0,0.0,0.0,177.143,4.28571,1,0,0,0,0, 
109,511,org::eclipse::jdt::internal::codeassist::SelectionEngine ,176,15,0,10,4315.0,737.0,24.517,3181.0,737.0,18.0739,1134.0,101.0,6.44318,367.0,115.47,1,0,0,0,0, 
110,515,org::eclipse::jdt::internal::compiler::codegen::ExceptionLabel ,25,4,0,5,234.0,57.0,9.36,150.0,36.0,6.0,84.0,35.0,3.36,367.0,159.93,1,0,0,0,0, 
111,519,org::eclipse::jdt::internal::core::CancelableNameEnvironment ,10,3,0,4,21.0,5.0,2.1,18.0,5.0,1.8,3.0,3.0,0.3,191.571,37.898,1,0,0,0,0, 
112,523,org::eclipse::jdt::core::search::TypeReferenceMatch ,31,4,0,6,352.0,77.0,11.3548,146.0,64.0,4.7096800000000005,206.0,53.0,6.645160000000001,227.571,84.1364,2,0,0,0,0, 
113,540,org::eclipse::jdt::internal::core::search::matching::FieldPattern ,41,1,0,6,324.0,37.0,7.9024399999999995,695.0,254.0,16.9512,-371.0,28.0,-9.04878,258.143,47.141999999999996,1,0,0,0,0, 
114,563,org::eclipse::jdt::internal::compiler::ast::Reference ,37,4,0,6,315.0,76.0,8.51351,362.0,92.0,9.78378,-47.0,11.0,-1.27027,367.0,60.6934,1,0,0,0,0, 
115,564,org::eclipse::jdt::internal::core::CreateTypeMemberOperation ,50,8,0,9,533.0,143.0,10.66,453.0,143.0,9.06,80.0,56.0,1.6,367.0,98.5864,1,0,0,0,0, 
116,567,org::eclipse::jdt::core::JavaConventions ,141,19,0,10,4684.0,670.0,33.2199,4720.0,670.0,33.4752,-36.0,219.0,-0.255319,367.0,84.7565,1,0,1,1,0, 
117,576,org::eclipse::jdt::internal::codeassist::CompletionEngine ,413,18,0,11,36511.0,2702.0,88.4044,25887.0,2702.0,62.6804,10624.0,868.0,25.724,367.0,119.439,7,0,0,0,0, 
118,577,org::eclipse::jdt::internal::compiler::ast::TryStatement ,139,18,0,7,4053.0,618.0,29.1583,3545.0,558.0,25.5036,508.0,92.0,3.6546800000000004,367.0,129.03,3,0,0,0,0, 
119,581,org::eclipse::jdt::internal::compiler::lookup::ReferenceBinding ,181,11,0,10,3670.0,599.0,20.2762,2841.0,599.0,15.6961,829.0,180.0,4.5801099999999995,367.0,146.225,1,0,0,0,0, 
120,586,org::eclipse::jdt::internal::formatter::CodeFormatterVisitor ,252,142,0,8,7409.0,1496.0,29.4008,5091.0,428.0,20.2024,2318.0,1296.0,9.19841,261.57099999999997,48.5992,2,0,0,0,0, 
121,593,org::eclipse::jdt::core::search::ReferenceMatch ,1,0,0,1,0.0,0.0,0.0,0.0,0.0,0.0,0.0,0.0,0.0,12.2857,0.0,1,0,0,0,0, 
122,598,org::eclipse::jdt::internal::compiler::ast::AllocationExpression ,96,11,0,10,1711.0,272.0,17.8229,1509.0,290.0,15.7187,202.0,50.0,2.10417,367.0,115.101,1,0,0,0,0, 
123,605,org::eclipse::jdt::internal::core::builder::AbstractImageBuilder ,150,14,0,11,2422.0,411.0,16.1467,1764.0,411.0,11.76,658.0,151.0,4.38667,329.0,135.043,2,0,0,0,0, 
124,620,org::eclipse::jdt::internal::codeassist::InternalCompletionProposal ,12,2,0,4,117.0,43.0,9.75,230.0,105.0,19.1667,-113.0,7.0,-9.41667,191.71400000000003,38.3492,1,0,0,0,0, 
125,631,org::eclipse::jdt::internal::compiler::impl::CompilerOptions ,233,26,0,11,10114.0,619.0,43.4077,8989.0,619.0,38.5794,1125.0,300.0,4.82833,367.0,71.8777,1,0,0,0,0, 
126,634,org::eclipse::jdt::internal::core::search::matching::MultiTypeDeclarationPattern ,15,5,0,3,182.0,53.0,12.1333,92.0,54.0,6.13333,90.0,52.0,6.0,169.571,34.5275,1,0,0,0,0, 
127,635,org::eclipse::jdt::internal::core::SelectionRequestor ,90,6,0,9,2364.0,335.0,26.2667,1422.0,335.0,15.8,942.0,149.0,10.4667,367.0,140.613,0,0,0,0,0, 
128,639,org::eclipse::jdt::internal::core::hierarchy::TypeHierarchy ,122,7,0,8,4457.0,1312.0,36.5328,4192.0,1312.0,34.3607,265.0,357.0,2.17213,367.0,59.2385,1,1,0,0,0, 
129,640,org::eclipse::jdt::internal::compiler::lookup::ParameterizedTypeBinding ,184,8,0,10,4159.0,756.0,22.6033,2077.0,203.0,11.288,2082.0,756.0,11.3152,230.857,48.756,2,0,1,0,0, 
130,645,org::eclipse::jdt::core::JDTCompilerAdapter ,80,31,0,7,1561.0,247.0,19.5125,924.0,145.0,11.55,637.0,223.0,7.9625,318.143,122.75,0,0,0,0,0, 
131,646,org::eclipse::jdt::internal::codeassist::CompletionRequestorWrapper ,7,3,0,3,33.0,17.0,4.71429,32.0,17.0,4.57143,1.0,1.0,0.14285699999999998,191.71400000000003,7.502160000000001,1,0,0,0,0, 
132,651,org::eclipse::jdt::internal::core::JavaElement ,156,16,0,7,3080.0,677.0,19.7436,2705.0,677.0,17.3397,375.0,128.0,2.40385,367.0,86.1558,1,0,0,0,0, 
133,660,org::eclipse::jdt::internal::core::util::Messages ,26,7,0,5,57.0,10.0,2.19231,24.0,8.0,0.923077,33.0,10.0,1.2692299999999999,166.571,55.2957,1,0,0,0,0, 
134,667,org::eclipse::jdt::internal::compiler::lookup::UnresolvedAnnotationBinding ,4,2,0,3,54.0,26.0,13.5,18.0,8.0,4.5,36.0,18.0,9.0,127.0,35.6984,1,0,1,0,0, 
135,670,org::eclipse::jdt::internal::core::search::matching::ConstructorPattern ,55,4,0,7,792.0,127.0,14.4,845.0,170.0,15.3636,-53.0,124.0,-0.963636,258.143,62.4695,1,0,0,0,0, 
136,672,org::eclipse::jdt::internal::compiler::ast::CastExpression ,156,13,0,7,3003.0,501.0,19.25,2591.0,474.0,16.609,412.0,72.0,2.6410299999999998,367.0,168.204,1,0,0,0,0, 
137,673,org::eclipse::jdt::internal::core::ClassFileInfo ,53,5,0,6,588.0,183.0,11.0943,550.0,183.0,10.3774,38.0,34.0,0.7169810000000001,367.0,73.7826,1,0,0,0,0, 
138,674,org::eclipse::jdt::internal::core::DeltaProcessor ,368,22,0,11,11891.0,1854.0,32.3125,9805.0,1854.0,26.644000000000002,2086.0,271.0,5.668480000000001,367.0,85.7021,2,0,0,0,0, 
139,676,org::eclipse::jdt::internal::compiler::codegen::ConstantPool ,80,20,0,7,14750.0,3120.0,184.375,16495.0,3120.0,206.188,-1745.0,531.0,-21.8125,367.0,81.4591,1,0,0,0,0, 
140,680,org::eclipse::jdt::internal::compiler::lookup::NestedTypeBinding ,27,4,0,5,700.0,202.0,25.9259,725.0,216.0,26.8519,-25.0,17.0,-0.925926,367.0,46.851000000000006,1,0,0,0,0, 
141,683,org::eclipse::jdt::internal::codeassist::InternalExtendedCompletionContext ,4,0,0,1,58.0,21.0,14.5,6.0,3.0,1.5,52.0,19.0,13.0,14.7143,7.29557,2,0,2,0,0, 
142,691,org::eclipse::jdt::internal::core::search::matching::IntersectingPattern ,3,1,0,2,3.0,2.0,1.0,2.0,1.0,0.666667,1.0,1.0,0.333333,49.8571,19.1429,1,0,0,0,0, 
143,700,org::eclipse::jdt::core::search::PackageReferenceMatch ,21,4,0,5,144.0,23.0,6.857139999999999,58.0,17.0,2.7619,86.0,23.0,4.09524,227.571,35.755,1,0,0,0,0, 
144,702,org::eclipse::jdt::internal::core::search::matching::MethodPattern ,81,7,0,8,1723.0,380.0,21.2716,1509.0,182.0,18.6296,214.0,322.0,2.6419799999999998,367.0,120.512,1,0,0,0,0, 
145,706,org::eclipse::jdt::internal::compiler::lookup::TypeVariableBinding ,114,3,0,9,1591.0,198.0,13.9561,857.0,111.0,7.5175399999999994,734.0,198.0,6.4386,230.857,63.5575,1,0,1,0,0, 
146,717,org::eclipse::jdt::internal::compiler::ReadManager ,2,0,0,1,51.0,51.0,25.5,29.0,29.0,14.5,22.0,22.0,11.0,9.57143,3.5714300000000003,2,0,0,0,0, 
147,722,org::eclipse::jdt::internal::eval::CodeSnippetReturnStatement ,49,6,0,6,506.0,137.0,10.3265,498.0,137.0,10.1633,8.0,13.0,0.16326500000000002,367.0,51.083,1,0,0,0,0, 
148,736,org::eclipse::jdt::internal::eval::CodeSnippetMessageSend ,79,9,0,8,1117.0,282.0,14.1392,963.0,282.0,12.1899,154.0,52.0,1.94937,367.0,104.602,2,0,0,0,0, 
149,749,org::eclipse::jdt::internal::formatter::DefaultCodeFormatterOptions ,111,57,0,7,6733.0,874.0,60.6577,4555.0,882.0,41.036,2178.0,446.0,19.6216,246.571,23.6463,2,1,0,0,0, 
150,750,org::eclipse::jdt::internal::core::ClasspathValidation ,1,0,0,1,0.0,0.0,0.0,0.0,0.0,0.0,0.0,0.0,0.0,105.0,0.0,1,0,1,1,0, 
151,767,org::eclipse::jdt::internal::compiler::ast::FieldReference ,150,14,0,9,3997.0,567.0,26.6467,3783.0,567.0,25.22,214.0,114.0,1.42667,367.0,141.094,6,0,0,0,0, 
152,774,org::eclipse::jdt::core::JavaCore ,709,69,0,15,38598.0,2955.0,54.4401,34292.0,2942.0,48.3667,4306.0,336.0,6.07334,367.0,100.595,4,1,0,0,0, 
153,775,org::eclipse::jdt::internal::core::util::CodeAttribute ,30,7,0,8,221.0,85.0,7.36667,211.0,67.0,7.03333,10.0,19.0,0.333333,322.714,90.1467,1,0,0,0,0, 
154,780,org::eclipse::jdt::internal::core::BinaryField ,45,11,0,7,337.0,78.0,7.48889,213.0,78.0,4.7333300000000005,124.0,35.0,2.75556,367.0,122.181,2,0,0,0,0, 
155,781,org::eclipse::jdt::internal::core::util::CommentRecorderParser ,35,8,0,9,383.0,96.0,10.9429,300.0,68.0,8.57143,83.0,28.0,2.37143,228.143,27.0653,1,0,0,0,0, 
156,782,org::eclipse::jdt::core::dom::DocCommentParser ,48,6,0,7,900.0,257.0,18.75,407.0,47.0,8.47917,493.0,223.0,10.2708,229.0,47.8178,1,0,0,0,0, 
157,789,org::eclipse::jdt::internal::core::search::JavaSearchTypeNameMatch ,1,0,0,1,0.0,0.0,0.0,0.0,0.0,0.0,0.0,0.0,0.0,87.1429,0.0,0,0,0,0,0, 
158,790,org::eclipse::jdt::internal::core::search::indexing::IndexManager ,198,13,0,9,3617.0,488.0,18.2677,3066.0,488.0,15.4848,551.0,100.0,2.78283,367.0,105.595,3,0,0,0,0, 
159,794,org::eclipse::jdt::internal::compiler::parser::Parser ,520,132,0,12,65571.0,7452.0,126.098,59724.0,7452.0,114.854,5847.0,2768.0,11.2442,367.0,96.24799999999999,4,0,0,0,0, 
160,795,org::eclipse::jdt::internal::core::builder::State ,74,9,0,10,1263.0,547.0,17.0676,961.0,547.0,12.9865,302.0,46.0,4.08108,329.0,59.7003,1,0,0,0,0, 
161,798,org::eclipse::jdt::internal::compiler::batch::ClasspathJar ,57,13,0,6,854.0,168.0,14.9825,614.0,100.0,10.7719,240.0,167.0,4.21053,367.0,138.317,1,0,0,0,0, 
